universal_id,is_linked,channels_active,city,gender,age_group,profile_signup_date,total_ticket_spend,avg_ticket_value,ticket_purchase_count,unique_events_attended,total_retail_spend,retail_purchase_count,retail_purchases_last_90d,total_web_sessions,total_page_views,avg_session_duration_sec,crm_interaction_count,crm_latest_stage,last_brand_interaction_date,days_since_last_brand_interaction,last_ticket_date,last_attendance_date,last_retail_date,last_web_date,last_crm_date
cust_0000,True,4,,,,,275.35,275.35,1,1,397.77,3,0,8,80,275.12,0,,2025-06-30,0.0,2022-01-12,2023-07-22,2024-10-11,2025-06-30,
cust_0001,True,4,,,,,1191.3,170.19,7,3,218.16,3,0,0,0,0.0,2,Proposal,2025-03-28,94.0,2025-03-26,2025-03-23,2025-03-28,,2024-12-03
cust_0002,True,5,,,,,319.87,106.62,3,1,494.32,4,0,2,12,81.5,3,Prospecting,2025-05-09,52.0,2025-04-20,2023-10-17,2024-09-18,2025-05-09,2024-07-14
cust_0003,True,3,,,,,290.85,145.43,2,3,0.0,0,0,0,0,0.0,2,Closed Lost,2025-03-26,96.0,2025-03-26,2023-12-28,,,2024-09-07
cust_0004,True,5,Toronto,Female,18-24,2025-05-27,528.3,264.15,2,3,1114.07,9,2,6,65,370.0,3,Proposal,2025-06-22,8.0,2024-11-21,2025-04-01,2025-06-22,2025-02-07,2024-07-31
cust_0005,True,4,Vancouver,Male,18-24,2022-12-02,188.48,94.24,2,3,371.47,4,2,0,0,0.0,3,Proposal,2025-06-16,14.0,2022-10-29,2023-08-13,2025-06-16,,2024-01-23
cust_0006,True,3,Toronto,Other,18-24,2024-05-09,666.73,133.35,5,2,305.33,3,1,0,0,0.0,0,,2025-05-15,46.0,2023-11-04,2022-08-05,2025-05-15,,
cust_0007,True,4,Toronto,Male,25-34,2022-12-20,267.38,133.69,2,5,588.36,4,0,3,20,329.0,0,,2025-04-19,72.0,2025-04-19,2025-03-17,2024-05-31,2024-03-02,
cust_0008,True,4,Toronto,Male,18-24,2023-05-06,244.53,122.26,2,3,321.59,6,0,0,0,0.0,6,Qualified,2025-06-03,27.0,2022-12-01,2024-06-03,2025-03-29,,2025-06-03
cust_0009,True,4,Vancouver,Other,18-24,2023-06-23,307.34,153.67,2,3,0.0,0,0,2,33,492.0,3,Qualified,2025-04-17,74.0,2024-05-30,2025-04-17,,2023-11-08,2024-04-09
cust_0010,True,5,,,,,299.04,149.52,2,1,312.84,2,0,4,54,361.0,1,Qualified,2025-03-18,104.0,2023-01-25,2024-09-18,2024-01-06,2025-03-18,2023-10-28
cust_0011,True,1,,,,,0.0,0.0,0,0,0.0,0,0,1,11,123.0,0,,2022-02-03,1243.0,,,,2022-02-03,
cust_0012,True,5,Toronto,Female,18-24,2023-04-13,132.39,132.39,1,1,717.77,6,0,6,59,437.0,1,Qualified,2025-05-05,56.0,2022-03-07,2025-05-05,2024-07-26,2025-03-23,2023-06-07
cust_0013,True,5,,,,,572.47,190.82,3,3,194.72,4,1,5,70,251.2,4,Closed Won,2025-06-15,15.0,2024-01-27,2025-06-15,2025-04-30,2025-04-04,2025-04-13
cust_0014,True,5,Calgary,Male,45-54,2024-12-21,304.03,101.34,3,1,695.06,5,1,9,108,271.33,1,Closed Won,2025-06-16,14.0,2022-08-25,2024-08-15,2025-06-16,2025-01-31,2022-06-11
cust_0015,True,2,Calgary,Female,45-54,2025-02-28,0.0,0.0,0,0,336.46,7,0,0,0,0.0,4,Proposal,2024-11-28,214.0,,,2024-11-28,,2024-03-06
cust_0016,True,2,,,,,0.0,0.0,0,0,623.59,6,0,5,57,486.8,0,,2024-10-19,254.0,,,2024-02-19,2024-10-19,
cust_0017,True,5,Calgary,Female,35-44,2024-06-08,30.06,30.06,1,2,421.32,6,2,2,32,333.5,3,Qualified,2025-06-24,6.0,2024-02-23,2024-03-21,2025-06-24,2025-05-08,2024-12-09
cust_0018,True,3,Vancouver,Other,18-24,2024-05-29,418.69,209.34,2,2,0.0,0,0,0,0,0.0,3,Closed Won,2025-01-07,174.0,2025-01-07,2023-08-14,,,2024-08-03
cust_0019,True,3,,,,,161.31,80.66,2,0,0.0,0,0,2,13,238.5,2,Closed Lost,2024-11-09,233.0,2024-08-10,,,2024-11-09,2022-08-12
cust_0020,True,4,Calgary,Female,35-44,2022-05-30,58.78,58.78,1,2,558.22,5,0,1,17,164.0,0,,2025-04-23,68.0,2023-10-10,2025-04-23,2024-11-03,2023-02-13,
cust_0021,True,5,Montreal,Other,18-24,2023-10-11,314.71,157.36,2,2,253.61,3,1,4,46,289.0,1,Closed Won,2025-06-18,12.0,2023-07-25,2025-06-18,2025-04-23,2024-08-21,2025-06-01
cust_0022,True,3,,,,,0.0,0.0,0,1,761.34,6,0,4,67,409.5,0,,2025-01-22,159.0,,2024-01-18,2025-01-22,2023-12-13,
cust_0023,True,5,Montreal,Male,55+,2024-10-25,234.94,234.94,1,2,710.45,4,1,8,69,231.12,2,Closed Lost,2025-05-07,54.0,2023-11-15,2024-04-16,2025-05-07,2024-07-12,2023-06-28
cust_0024,True,2,,,,,0.0,0.0,0,0,598.4,5,0,0,0,0.0,3,Closed Won,2024-09-07,296.0,,,2024-09-07,,2024-04-30
cust_0025,True,1,Vancouver,Male,55+,2025-01-03,0.0,0.0,0,0,424.22,4,1,0,0,0.0,0,,2025-05-13,48.0,,,2025-05-13,,
cust_0026,True,2,,,,,540.7,180.23,3,2,0.0,0,0,0,0,0.0,0,,2024-11-13,229.0,2024-11-13,2024-06-24,,,
cust_0027,True,5,Toronto,Female,18-24,2022-02-18,594.36,198.12,3,1,267.67,3,0,1,7,75.0,5,Closed Lost,2024-11-17,225.0,2024-06-02,2022-10-07,2024-07-09,2022-05-18,2024-11-17
cust_0028,True,4,Toronto,Female,25-34,2025-01-24,843.27,168.65,5,3,350.8,3,0,0,0,0.0,4,Closed Won,2025-03-02,120.0,2025-02-15,2024-10-02,2024-04-22,,2025-03-02
cust_0029,True,1,Calgary,Other,18-24,2024-05-02,0.0,0.0,0,0,0.0,0,0,2,24,456.0,0,,2025-02-16,134.0,,,,2025-02-16,
cust_0030,True,5,Calgary,Other,45-54,2025-02-06,1030.66,147.24,7,3,291.99,5,1,1,13,292.0,5,Prospecting,2025-05-04,57.0,2025-02-07,2024-04-19,2025-05-04,2023-11-22,2025-01-11
cust_0031,True,5,Montreal,Female,55+,2024-02-03,574.67,191.56,3,4,730.32,6,0,5,57,222.6,3,Closed Won,2025-06-10,20.0,2024-06-12,2023-03-10,2024-04-09,2024-07-19,2025-06-10
cust_0032,True,2,,,,,0.0,0.0,0,0,0.0,0,0,5,41,149.2,4,Prospecting,2025-06-19,11.0,,,,2025-05-09,2025-06-19
cust_0033,True,2,Toronto,Female,55+,2024-11-22,325.35,162.68,2,0,0.0,0,0,0,0,0.0,2,Proposal,2024-05-12,414.0,2024-01-27,,,,2024-05-12
cust_0034,True,3,Vancouver,Other,25-34,2024-10-20,421.94,210.97,2,3,699.9,6,0,0,0,0.0,0,,2025-01-03,178.0,2025-01-03,2023-09-30,2024-07-30,,
cust_0035,True,5,Toronto,Male,18-24,2024-01-26,284.64,142.32,2,4,633.39,7,1,5,61,455.0,2,Prospecting,2025-06-11,19.0,2024-11-09,2025-03-05,2025-06-11,2024-11-21,2022-07-23
cust_0036,True,4,Calgary,Female,45-54,2023-08-10,1121.54,186.92,6,3,388.71,3,0,0,0,0.0,3,Closed Lost,2025-06-29,1.0,2025-06-01,2025-06-29,2022-09-29,,2024-01-31
cust_0037,True,4,,,,,0.0,0.0,0,3,276.6,2,0,5,56,218.6,7,Prospecting,2025-06-19,11.0,,2024-09-17,2024-05-23,2025-05-19,2025-06-19
cust_0038,True,5,Montreal,Male,55+,2025-01-03,401.28,133.76,3,4,542.17,6,1,3,19,312.0,2,Proposal,2025-05-24,37.0,2025-02-07,2024-03-01,2025-05-24,2025-01-20,2024-09-13
cust_0039,True,3,,,,,0.0,0.0,0,0,113.49,2,0,1,13,556.0,5,Qualified,2024-05-30,396.0,,,2023-08-16,2023-04-05,2024-05-30
cust_0040,True,5,,,,,1004.71,167.45,6,4,1019.61,7,0,5,68,180.6,4,Prospecting,2025-06-13,17.0,2025-06-08,2023-09-10,2024-10-19,2025-06-13,2025-02-28
cust_0041,True,5,Toronto,Other,45-54,2024-06-14,338.34,169.17,2,5,96.79,1,0,2,23,470.0,3,Prospecting,2025-01-29,152.0,2024-01-18,2024-08-21,2025-01-05,2025-01-29,2022-07-07
cust_0042,True,4,Montreal,Male,35-44,2022-08-30,0.0,0.0,0,3,52.72,1,0,8,78,301.0,3,Prospecting,2025-05-06,55.0,,2025-03-27,2024-11-26,2024-10-30,2025-05-06
cust_0043,True,5,Toronto,Female,45-54,2023-05-09,448.44,149.48,3,2,626.92,5,0,4,61,292.75,5,Qualified,2025-06-30,0.0,2024-05-08,2025-06-30,2024-12-20,2025-05-07,2024-05-29
cust_0044,True,2,,,,,209.86,104.93,2,3,0.0,0,0,0,0,0.0,0,,2025-05-04,57.0,2025-05-04,2024-11-24,,,
cust_0045,True,4,Toronto,Female,45-54,2022-06-09,686.86,228.95,3,3,0.0,0,0,4,18,373.25,2,Proposal,2025-01-23,158.0,2025-01-12,2025-01-23,,2023-02-14,2024-07-30
cust_0046,True,2,Vancouver,Other,45-54,2023-10-18,0.0,0.0,0,0,320.87,3,0,1,5,246.0,0,,2025-03-25,97.0,,,2025-03-25,2024-01-20,
cust_0047,True,1,Montreal,Male,35-44,2024-02-10,0.0,0.0,0,0,243.77,3,0,0,0,0.0,0,,2024-10-19,254.0,,,2024-10-19,,
cust_0048,True,4,,,,,820.41,117.2,7,1,0.0,0,0,3,45,409.0,3,Prospecting,2024-11-09,233.0,2024-11-09,2024-09-15,,2024-03-15,2023-07-27
cust_0049,True,5,Toronto,Other,45-54,2025-03-26,239.03,119.52,2,1,528.8,6,1,4,46,355.0,2,Closed Won,2025-05-25,36.0,2023-12-18,2022-06-24,2025-05-09,2025-05-25,2023-01-24
cust_0050,True,3,Montreal,Male,18-24,2023-05-12,0.0,0.0,0,0,49.79,1,0,5,40,311.2,2,Proposal,2025-06-07,23.0,,,2024-09-02,2025-06-07,2024-04-08
cust_0051,True,4,Vancouver,Other,45-54,2022-01-26,378.09,189.04,2,0,566.91,4,0,2,31,138.0,4,Qualified,2025-06-22,8.0,2025-06-22,,2024-09-15,2024-08-04,2024-10-24
cust_0052,True,3,Toronto,Male,35-44,2022-04-01,318.97,106.32,3,4,0.0,0,0,9,119,250.78,0,,2025-06-12,18.0,2025-01-27,2024-04-29,,2025-06-12,
cust_0053,True,4,Vancouver,Male,45-54,2024-01-24,188.83,188.83,1,3,164.75,2,0,7,83,260.29,0,,2025-05-26,35.0,2022-06-04,2025-05-26,2024-02-10,2025-03-27,
cust_0054,True,5,Vancouver,Female,18-24,2024-03-26,379.44,126.48,3,2,212.64,5,1,1,7,65.0,2,Prospecting,2025-06-13,17.0,2024-06-16,2025-01-02,2025-04-03,2023-09-09,2025-06-13
cust_0055,True,5,Toronto,Male,25-34,2023-06-07,213.59,106.8,2,5,613.05,6,0,5,33,370.2,5,Prospecting,2025-06-22,8.0,2025-04-02,2025-05-12,2023-10-03,2025-03-16,2025-06-22
cust_0056,True,5,Calgary,Other,55+,2025-06-29,942.35,157.06,6,1,195.01,3,0,3,55,324.0,3,Closed Lost,2025-05-02,59.0,2025-05-02,2022-02-28,2024-03-15,2024-03-27,2025-03-21
cust_0057,True,5,,,,,482.02,160.67,3,4,505.65,5,0,6,38,192.17,1,Qualified,2025-03-09,113.0,2023-11-08,2025-01-09,2024-10-10,2025-03-09,2025-02-03
cust_0058,True,2,,,,,0.0,0.0,0,0,0.0,0,0,3,23,345.67,7,Closed Lost,2025-05-30,31.0,,,,2024-07-24,2025-05-30
cust_0059,True,2,,,,,0.0,0.0,0,0,560.5,4,0,8,71,319.5,0,,2025-04-08,83.0,,,2025-01-30,2025-04-08,
cust_0060,True,5,Toronto,Male,45-54,2022-09-17,450.53,225.26,2,4,547.88,4,0,5,64,212.8,4,Qualified,2025-06-26,4.0,2024-11-01,2025-06-26,2024-09-29,2024-10-26,2025-03-02
cust_0061,True,3,Montreal,Female,55+,2024-02-02,0.0,0.0,0,3,341.11,5,0,0,0,0.0,4,Closed Lost,2025-03-10,112.0,,2025-03-10,2024-09-29,,2024-12-23
cust_0062,True,2,,,,,0.0,0.0,0,0,205.67,3,0,3,43,330.67,0,,2024-03-23,464.0,,,2024-03-23,2024-03-02,
cust_0063,True,5,Calgary,Other,55+,2024-03-01,260.26,260.26,1,4,1192.79,10,1,5,58,405.8,2,Prospecting,2025-06-05,25.0,2025-01-03,2025-04-28,2025-06-05,2025-02-28,2024-10-08
cust_0064,True,5,Vancouver,Female,35-44,2024-12-08,281.12,281.12,1,2,356.12,3,0,3,36,421.67,3,Closed Won,2025-06-05,25.0,2025-06-05,2024-07-24,2023-11-29,2024-12-10,2024-08-08
cust_0065,True,5,,,,,322.25,161.12,2,7,549.47,5,2,9,82,293.11,4,Closed Won,2025-06-19,11.0,2023-04-14,2025-02-16,2025-06-19,2025-01-23,2024-07-08
cust_0066,True,2,,,,,0.0,0.0,0,0,0.0,0,0,5,59,344.4,3,Prospecting,2025-06-23,7.0,,,,2025-06-23,2024-09-14
cust_0067,True,5,Toronto,Male,18-24,2022-03-14,162.62,162.62,1,2,620.37,6,0,9,100,335.44,2,Closed Lost,2025-06-14,16.0,2024-04-16,2025-04-17,2025-03-03,2025-06-14,2024-01-20
cust_0068,True,3,Calgary,Female,35-44,2022-01-24,0.0,0.0,0,0,168.65,2,0,5,49,243.0,3,Prospecting,2025-03-20,102.0,,,2024-03-22,2025-02-03,2025-03-20
cust_0069,True,2,,,,,538.61,179.54,3,4,0.0,0,0,0,0,0.0,0,,2025-06-23,7.0,2025-02-27,2025-06-23,,,
cust_0070,True,5,Vancouver,Male,25-34,2023-06-15,417.73,139.24,3,5,736.72,6,0,1,10,170.0,4,Proposal,2025-06-28,2.0,2025-01-27,2025-06-28,2024-09-20,2024-07-02,2023-09-10
cust_0071,True,4,Montreal,Other,45-54,2024-12-07,1029.38,171.56,6,5,291.91,4,0,0,0,0.0,7,Proposal,2025-05-03,58.0,2025-05-03,2025-01-07,2025-03-04,,2025-04-01
cust_0072,True,3,,,,,0.0,0.0,0,0,233.2,3,0,4,43,321.0,1,Closed Lost,2024-11-29,213.0,,,2024-11-29,2024-03-30,2024-04-29
cust_0073,True,3,,,,,0.0,0.0,0,6,0.0,0,0,4,42,382.5,3,Proposal,2025-05-05,56.0,,2025-04-18,,2024-11-01,2025-05-05
cust_0074,True,3,Toronto,Male,35-44,2024-10-13,0.0,0.0,0,0,177.09,1,0,2,14,343.5,3,Closed Won,2024-06-13,382.0,,,2022-08-22,2023-06-28,2024-06-13
cust_0075,True,3,,,,,0.0,0.0,0,2,8.78,1,0,0,0,0.0,2,Closed Won,2024-06-23,372.0,,2024-06-23,2022-06-24,,2022-12-24
cust_0076,True,2,,,,,0.0,0.0,0,0,114.61,1,0,7,68,296.14,0,,2025-04-27,64.0,,,2023-06-12,2025-04-27,
cust_0077,True,5,Montreal,Other,18-24,2023-08-02,1364.63,194.95,7,3,197.92,2,0,3,45,197.0,4,Qualified,2025-03-11,111.0,2025-03-11,2023-11-12,2023-01-16,2024-09-28,2024-10-01
cust_0078,True,5,Toronto,Other,45-54,2024-03-18,434.8,217.4,2,3,73.03,2,0,4,34,261.75,3,Closed Won,2025-03-29,93.0,2024-08-27,2024-05-08,2024-03-26,2024-12-25,2025-03-29
cust_0079,True,3,,,,,0.0,0.0,0,0,226.79,2,0,1,6,523.0,3,Closed Won,2024-01-30,517.0,,,2023-05-24,2023-12-24,2024-01-30
cust_0080,True,4,,,,,227.25,227.25,1,7,479.31,9,1,5,48,203.4,0,,2025-04-01,90.0,2022-11-10,2025-03-31,2025-04-01,2025-02-24,
cust_0081,True,5,Toronto,Female,45-54,2023-09-29,155.68,155.68,1,3,460.9,4,0,4,37,320.75,1,Closed Won,2025-06-25,5.0,2024-02-26,2025-06-25,2024-07-20,2025-05-18,2022-10-31
cust_0082,True,4,,,,,301.72,100.57,3,3,904.14,8,0,8,105,354.38,0,,2025-04-04,87.0,2025-04-04,2023-09-15,2025-01-18,2024-12-09,
cust_0083,True,4,Vancouver,Other,55+,2024-01-25,979.44,163.24,6,1,257.56,3,0,2,18,234.0,0,,2025-01-09,172.0,2025-01-09,2023-09-29,2024-06-22,2024-08-05,
cust_0084,True,4,Vancouver,Male,55+,2022-06-07,413.81,206.9,2,4,250.86,2,1,5,55,367.6,0,,2025-04-17,74.0,2023-08-16,2025-03-17,2025-04-17,2024-11-16,
cust_0085,True,2,,,,,0.0,0.0,0,0,512.94,4,1,0,0,0.0,6,Qualified,2025-05-01,60.0,,,2025-05-01,,2025-01-05
cust_0086,True,5,Toronto,Female,35-44,2025-04-17,1236.51,176.64,7,3,904.77,7,0,3,41,236.67,2,Proposal,2025-01-06,175.0,2024-12-23,2024-08-03,2025-01-06,2023-07-01,2024-01-23
cust_0087,True,2,,,,,0.0,0.0,0,0,0.0,0,0,6,65,295.33,3,Prospecting,2024-10-23,250.0,,,,2024-10-23,2024-07-20
cust_0088,True,2,,,,,0.0,0.0,0,0,119.26,4,0,5,27,351.6,0,,2025-03-04,118.0,,,2025-03-04,2024-12-13,
cust_0089,True,4,,,,,463.21,115.8,4,2,581.79,5,0,6,48,198.33,0,,2025-03-17,105.0,2025-02-03,2023-05-28,2025-03-17,2024-08-27,
cust_0090,True,5,Montreal,Female,35-44,2023-09-26,970.21,194.04,5,2,494.23,10,0,3,28,366.33,3,Prospecting,2025-03-28,94.0,2024-06-23,2024-09-03,2025-03-12,2025-03-28,2024-01-05
cust_0091,True,4,Toronto,Other,55+,2024-04-30,433.29,216.64,2,3,341.85,3,0,4,44,290.5,0,,2025-02-14,136.0,2024-02-16,2025-02-11,2024-03-08,2025-02-14,
cust_0092,True,4,Calgary,Female,55+,2024-11-30,408.79,204.4,2,1,685.64,5,0,5,32,141.0,0,,2025-02-05,145.0,2024-08-21,2023-01-22,2025-02-05,2024-09-18,
cust_0093,True,5,Toronto,Other,45-54,2024-11-25,426.56,213.28,2,4,240.55,2,0,3,19,144.33,3,Qualified,2025-04-18,73.0,2023-07-25,2024-10-11,2024-03-21,2025-04-18,2023-09-11
cust_0094,True,4,,,,,207.02,103.51,2,2,0.0,0,0,3,41,247.33,2,Closed Won,2024-12-12,200.0,2024-08-31,2024-02-19,,2024-12-12,2022-03-18
cust_0095,True,4,Vancouver,Other,25-34,2023-05-16,431.85,215.92,2,2,0.0,0,0,5,49,398.0,3,Prospecting,2025-06-12,18.0,2023-04-02,2024-11-05,,2025-06-12,2025-04-16
cust_0096,True,4,,,,,188.51,188.51,1,2,0.0,0,0,4,54,218.25,4,Closed Won,2025-05-01,60.0,2022-02-13,2025-04-13,,2025-05-01,2024-05-16
cust_0097,True,4,,,,,479.17,239.58,2,4,573.53,4,0,0,0,0.0,6,Closed Won,2025-02-22,128.0,2024-07-28,2023-11-09,2024-12-03,,2025-02-22
cust_0098,True,4,,,,,0.0,0.0,0,2,125.47,1,0,3,28,396.67,1,Closed Lost,2025-04-22,69.0,,2025-04-22,2022-04-17,2024-11-29,2022-09-24
cust_0099,True,5,Vancouver,Other,55+,2023-02-25,558.62,186.21,3,2,500.11,4,0,4,51,342.5,2,Qualified,2025-01-19,162.0,2024-03-10,2023-11-07,2025-01-04,2025-01-19,2024-12-13
cust_0100,True,4,Calgary,Other,35-44,2023-10-22,730.0,182.5,4,1,430.16,5,1,3,27,312.0,0,,2025-05-29,32.0,2024-07-18,2025-05-28,2025-05-29,2023-11-03,
cust_0101,True,4,Vancouver,Male,55+,2025-04-16,0.0,0.0,0,5,123.46,2,0,4,49,265.5,2,Qualified,2025-05-14,47.0,,2025-05-14,2024-05-01,2024-06-18,2024-09-29
cust_0102,True,3,Toronto,Female,35-44,2025-02-06,0.0,0.0,0,0,243.33,4,0,5,35,452.0,1,Proposal,2025-02-20,130.0,,,2025-02-20,2024-12-29,2022-05-03
cust_0103,True,4,,,,,110.19,110.19,1,6,922.51,9,1,0,0,0.0,2,Closed Lost,2025-05-24,37.0,2024-03-29,2025-01-11,2025-05-07,,2025-05-24
cust_0104,True,4,,,,,41.98,41.98,1,4,0.0,0,0,3,54,270.67,2,Closed Lost,2024-07-18,347.0,2024-04-11,2023-12-22,,2023-05-22,2024-07-18
cust_0105,True,4,Vancouver,Male,45-54,2023-09-15,313.81,156.9,2,3,312.96,3,0,6,52,350.0,0,,2025-05-27,34.0,2025-05-27,2024-11-02,2024-02-12,2025-03-08,
cust_0106,True,4,Vancouver,Female,25-34,2024-11-08,518.67,259.33,2,5,661.65,6,0,7,76,441.14,0,,2025-02-28,122.0,2024-06-12,2024-06-27,2025-02-28,2024-09-08,
cust_0107,True,3,Calgary,Male,35-44,2025-06-07,0.0,0.0,0,0,320.9,3,0,3,8,520.0,2,Closed Lost,2025-05-18,43.0,,,2024-07-26,2025-05-18,2023-08-04
cust_0108,True,5,Toronto,Female,45-54,2023-02-05,1005.44,143.63,7,1,392.33,3,0,5,39,343.0,2,Proposal,2025-06-26,4.0,2025-06-26,2023-06-01,2025-02-27,2025-01-17,2024-10-05
cust_0109,True,5,Calgary,Male,55+,2023-09-22,576.6,192.2,3,4,570.43,6,1,8,75,302.12,6,Prospecting,2025-06-14,16.0,2024-04-01,2024-09-27,2025-06-11,2024-10-29,2025-06-14
cust_0110,True,5,Calgary,Male,45-54,2023-08-21,91.38,91.38,1,4,173.78,3,0,3,25,90.67,1,Proposal,2025-03-13,109.0,2022-11-27,2024-06-18,2025-02-28,2025-03-13,2022-08-21
cust_0111,True,3,,,,,175.76,175.76,1,1,345.89,4,0,0,0,0.0,0,,2025-01-17,164.0,2025-01-17,2023-09-12,2024-12-22,,
cust_0112,True,4,,,,,561.19,280.6,2,1,177.6,2,1,1,14,547.0,0,,2025-05-19,42.0,2024-05-11,2024-07-03,2025-04-19,2025-05-19,
cust_0113,True,2,,,,,0.0,0.0,0,0,368.55,4,0,0,0,0.0,5,Closed Lost,2025-02-06,144.0,,,2025-02-06,,2024-05-18
cust_0114,True,5,,,,,277.99,92.66,3,5,343.81,3,0,6,52,410.83,2,Prospecting,2025-01-31,150.0,2025-01-06,2024-01-29,2024-10-20,2025-01-31,2024-01-25
cust_0115,True,4,,,,,159.89,79.94,2,2,102.94,2,0,7,57,393.43,0,,2025-04-26,65.0,2023-12-04,2024-08-30,2023-09-18,2025-04-26,
cust_0116,True,4,Toronto,Other,18-24,2023-08-29,80.33,80.33,1,3,162.98,3,0,0,0,0.0,2,Closed Lost,2025-03-25,97.0,2024-10-19,2025-03-25,2024-08-12,,2023-11-30
cust_0117,True,4,,,,,456.92,228.46,2,2,534.41,6,0,2,13,166.0,0,,2025-02-14,136.0,2025-02-14,2023-02-11,2024-12-30,2024-04-25,
cust_0118,True,2,,,,,0.0,0.0,0,0,0.0,0,0,4,53,204.75,1,Qualified,2025-05-27,34.0,,,,2025-05-27,2022-08-22
cust_0119,True,4,Vancouver,Female,25-34,2022-05-16,0.0,0.0,0,3,1425.33,11,1,6,55,358.0,2,Qualified,2025-06-23,7.0,,2023-06-14,2025-06-23,2025-03-20,2024-07-13
unlinked_gac_0180bd03,False,1,,,,,0.0,0.0,0,0,0.0,0,0,9,66,205.56,0,,2025-01-08,173.0,,,,2025-01-08,
unlinked_gac_01d3a5d5,False,1,,,,,0.0,0.0,0,0,0.0,0,0,2,28,113.5,0,,2025-05-24,37.0,,,,2025-05-24,
unlinked_gac_0334133b,False,1,,,,,0.0,0.0,0,0,0.0,0,0,5,65,156.8,0,,2025-05-23,38.0,,,,2025-05-23,
unlinked_gac_04980dc4,False,1,,,,,0.0,0.0,0,0,0.0,0,0,2,17,489.5,0,,2022-04-20,1167.0,,,,2022-04-20,
unlinked_gac_05a0f070,False,1,,,,,0.0,0.0,0,0,0.0,0,0,2,21,134.0,0,,2024-08-06,328.0,,,,2024-08-06,
unlinked_gac_0850e091,False,1,,,,,0.0,0.0,0,0,0.0,0,0,7,85,218.57,0,,2025-06-07,23.0,,,,2025-06-07,
unlinked_gac_09e64833,False,1,,,,,0.0,0.0,0,0,0.0,0,0,4,39,261.75,0,,2025-06-03,27.0,,,,2025-06-03,
unlinked_gac_0b1960d5,False,1,,,,,0.0,0.0,0,0,0.0,0,0,4,28,204.5,0,,2024-10-26,247.0,,,,2024-10-26,
unlinked_gac_0b3bddb1,False,1,,,,,0.0,0.0,0,0,0.0,0,0,3,30,304.0,0,,2024-04-21,435.0,,,,2024-04-21,
unlinked_gac_0bc5d306,False,1,,,,,0.0,0.0,0,0,0.0,0,0,4,17,442.5,0,,2024-12-03,209.0,,,,2024-12-03,
unlinked_gac_0d781422,False,1,,,,,0.0,0.0,0,0,0.0,0,0,5,65,116.8,0,,2025-02-12,138.0,,,,2025-02-12,
unlinked_gac_0ec50210,False,1,Montreal,Female,55+,2024-05-08,0.0,0.0,0,0,0.0,0,0,1,5,503.0,0,,2025-05-05,56.0,,,,2025-05-05,
unlinked_gac_0f1c0b1e,False,1,,,,,0.0,0.0,0,0,0.0,0,0,6,63,310.0,0,,2024-10-21,252.0,,,,2024-10-21,
unlinked_gac_11d3672b,False,1,Montreal,Male,45-54,2024-01-08,0.0,0.0,0,0,0.0,0,0,3,26,382.0,0,,2025-01-04,177.0,,,,2025-01-04,
unlinked_gac_13199560,False,1,,,,,0.0,0.0,0,0,0.0,0,0,6,51,344.0,0,,2025-05-03,58.0,,,,2025-05-03,
unlinked_gac_14659c55,False,1,Toronto,Other,18-24,2023-05-16,0.0,0.0,0,0,0.0,0,0,4,45,314.25,0,,2023-10-19,620.0,,,,2023-10-19,
unlinked_gac_15054bc7,False,1,Calgary,Female,35-44,2022-09-02,0.0,0.0,0,0,0.0,0,0,4,39,363.5,0,,2025-04-09,82.0,,,,2025-04-09,
unlinked_gac_15171b46,False,1,,,,,0.0,0.0,0,0,0.0,0,0,4,39,416.0,0,,2024-03-15,472.0,,,,2024-03-15,
unlinked_gac_155ea322,False,1,Toronto,Other,55+,2024-04-01,0.0,0.0,0,0,0.0,0,0,5,58,398.0,0,,2025-02-25,125.0,,,,2025-02-25,
unlinked_gac_15631276,False,1,,,,,0.0,0.0,0,0,0.0,0,0,4,48,365.75,0,,2024-12-17,195.0,,,,2024-12-17,
unlinked_gac_17ae3ec4,False,1,,,,,0.0,0.0,0,0,0.0,0,0,3,36,452.0,0,,2024-09-09,294.0,,,,2024-09-09,
unlinked_gac_1a7b111c,False,1,,,,,0.0,0.0,0,0,0.0,0,0,2,30,268.0,0,,2024-11-04,238.0,,,,2024-11-04,
unlinked_gac_1ad5d98e,False,1,,,,,0.0,0.0,0,0,0.0,0,0,3,37,399.0,0,,2024-06-23,372.0,,,,2024-06-23,
unlinked_gac_1e4acc0c,False,1,,,,,0.0,0.0,0,0,0.0,0,0,4,27,313.0,0,,2024-10-26,247.0,,,,2024-10-26,
unlinked_gac_1f0e1a8c,False,1,,,,,0.0,0.0,0,0,0.0,0,0,3,11,144.0,0,,2024-11-17,225.0,,,,2024-11-17,
unlinked_gac_22b560ba,False,1,,,,,0.0,0.0,0,0,0.0,0,0,5,59,278.2,0,,2024-12-16,196.0,,,,2024-12-16,
unlinked_gac_22d3e1b0,False,1,,,,,0.0,0.0,0,0,0.0,0,0,2,22,317.5,0,,2024-01-30,517.0,,,,2024-01-30,
unlinked_gac_254fb7b0,False,1,,,,,0.0,0.0,0,0,0.0,0,0,4,9,269.75,0,,2024-05-05,421.0,,,,2024-05-05,
unlinked_gac_2b1c006d,False,1,,,,,0.0,0.0,0,0,0.0,0,0,3,31,279.67,0,,2024-06-09,386.0,,,,2024-06-09,
unlinked_gac_2ca49ab4,False,1,,,,,0.0,0.0,0,0,0.0,0,0,2,32,571.0,0,,2024-07-26,339.0,,,,2024-07-26,
unlinked_gac_2deae0c1,False,1,,,,,0.0,0.0,0,0,0.0,0,0,2,4,274.0,0,,2025-04-07,84.0,,,,2025-04-07,
unlinked_gac_308a8d9d,False,1,,,,,0.0,0.0,0,0,0.0,0,0,2,35,453.5,0,,2023-12-10,568.0,,,,2023-12-10,
unlinked_gac_3325ac24,False,1,,,,,0.0,0.0,0,0,0.0,0,0,2,30,51.5,0,,2024-12-31,181.0,,,,2024-12-31,
unlinked_gac_34c81204,False,1,,,,,0.0,0.0,0,0,0.0,0,0,6,81,265.17,0,,2024-08-11,323.0,,,,2024-08-11,
unlinked_gac_36070fc7,False,1,,,,,0.0,0.0,0,0,0.0,0,0,5,46,315.4,0,,2025-06-05,25.0,,,,2025-06-05,
unlinked_gac_3dfe8843,False,1,,,,,0.0,0.0,0,0,0.0,0,0,7,75,301.71,0,,2025-05-19,42.0,,,,2025-05-19,
unlinked_gac_3e0a5e39,False,1,,,,,0.0,0.0,0,0,0.0,0,0,5,52,339.0,0,,2024-07-11,354.0,,,,2024-07-11,
unlinked_gac_404d84bf,False,1,Toronto,Female,18-24,2024-02-24,0.0,0.0,0,0,0.0,0,0,1,2,166.0,0,,2024-05-31,395.0,,,,2024-05-31,
unlinked_gac_452eab44,False,1,,,,,0.0,0.0,0,0,0.0,0,0,3,23,398.33,0,,2024-12-16,196.0,,,,2024-12-16,
unlinked_gac_46e65af7,False,1,,,,,0.0,0.0,0,0,0.0,0,0,5,43,387.8,0,,2025-06-04,26.0,,,,2025-06-04,
unlinked_gac_472d9aeb,False,1,,,,,0.0,0.0,0,0,0.0,0,0,4,47,458.75,0,,2025-01-22,159.0,,,,2025-01-22,
unlinked_gac_493105c0,False,1,,,,,0.0,0.0,0,0,0.0,0,0,5,40,316.0,0,,2024-10-13,260.0,,,,2024-10-13,
unlinked_gac_4a234399,False,1,,,,,0.0,0.0,0,0,0.0,0,0,3,14,441.33,0,,2025-06-13,17.0,,,,2025-06-13,
unlinked_gac_4c2e4ce4,False,1,,,,,0.0,0.0,0,0,0.0,0,0,1,17,400.0,0,,2023-03-31,822.0,,,,2023-03-31,
unlinked_gac_4faef9c4,False,1,Montreal,Female,55+,2022-07-30,0.0,0.0,0,0,0.0,0,0,4,32,383.0,0,,2025-05-24,37.0,,,,2025-05-24,
unlinked_gac_51035436,False,1,,,,,0.0,0.0,0,0,0.0,0,0,5,77,319.0,0,,2025-04-16,75.0,,,,2025-04-16,
unlinked_gac_51ab7027,False,1,,,,,0.0,0.0,0,0,0.0,0,0,4,64,308.5,0,,2025-04-18,73.0,,,,2025-04-18,
unlinked_gac_52f1f870,False,1,Calgary,Female,35-44,2024-01-16,0.0,0.0,0,0,0.0,0,0,2,32,314.5,0,,2025-05-26,35.0,,,,2025-05-26,
unlinked_gac_544c2019,False,1,,,,,0.0,0.0,0,0,0.0,0,0,2,18,382.0,0,,2023-09-04,665.0,,,,2023-09-04,
unlinked_gac_54790666,False,1,,,,,0.0,0.0,0,0,0.0,0,0,6,67,383.5,0,,2025-05-08,53.0,,,,2025-05-08,
unlinked_gac_562855ed,False,1,,,,,0.0,0.0,0,0,0.0,0,0,3,12,269.0,0,,2024-08-20,314.0,,,,2024-08-20,
unlinked_gac_5748e8e0,False,1,Calgary,Male,55+,2024-10-20,0.0,0.0,0,0,0.0,0,0,1,18,182.0,0,,2023-05-01,791.0,,,,2023-05-01,
unlinked_gac_58abb0ce,False,1,,,,,0.0,0.0,0,0,0.0,0,0,3,35,316.33,0,,2025-03-21,101.0,,,,2025-03-21,
unlinked_gac_5a5e3295,False,1,,,,,0.0,0.0,0,0,0.0,0,0,7,45,297.0,0,,2025-06-13,17.0,,,,2025-06-13,
unlinked_gac_5a9fe67c,False,1,Vancouver,Female,18-24,2022-12-08,0.0,0.0,0,0,0.0,0,0,2,26,142.5,0,,2023-11-08,600.0,,,,2023-11-08,
unlinked_gac_5ec7c626,False,1,,,,,0.0,0.0,0,0,0.0,0,0,3,30,382.33,0,,2024-02-23,493.0,,,,2024-02-23,
unlinked_gac_61120551,False,1,,,,,0.0,0.0,0,0,0.0,0,0,3,29,358.33,0,,2024-01-24,523.0,,,,2024-01-24,
unlinked_gac_6134586c,False,1,Vancouver,Male,25-34,2024-08-24,0.0,0.0,0,0,0.0,0,0,5,54,193.6,0,,2024-07-28,337.0,,,,2024-07-28,
unlinked_gac_621989cf,False,1,,,,,0.0,0.0,0,0,0.0,0,0,5,53,361.4,0,,2024-12-12,200.0,,,,2024-12-12,
unlinked_gac_63fc55a3,False,1,,,,,0.0,0.0,0,0,0.0,0,0,4,49,141.5,0,,2024-07-03,362.0,,,,2024-07-03,
unlinked_gac_64f7e30c,False,1,,,,,0.0,0.0,0,0,0.0,0,0,9,107,285.0,0,,2025-02-15,135.0,,,,2025-02-15,
unlinked_gac_65681704,False,1,Montreal,Other,25-34,2023-04-03,0.0,0.0,0,0,0.0,0,0,5,39,268.2,0,,2025-02-21,129.0,,,,2025-02-21,
unlinked_gac_6662dacd,False,1,,,,,0.0,0.0,0,0,0.0,0,0,4,44,199.0,0,,2025-05-31,30.0,,,,2025-05-31,
unlinked_gac_67b3d288,False,1,Toronto,Other,45-54,2025-03-21,0.0,0.0,0,0,0.0,0,0,5,56,289.8,0,,2024-10-16,257.0,,,,2024-10-16,
unlinked_gac_69d4e2ca,False,1,,,,,0.0,0.0,0,0,0.0,0,0,4,35,415.0,0,,2025-02-08,142.0,,,,2025-02-08,
unlinked_gac_6b7fe973,False,1,,,,,0.0,0.0,0,0,0.0,0,0,2,18,369.0,0,,2024-05-08,418.0,,,,2024-05-08,
unlinked_gac_6d24b0ec,False,1,,,,,0.0,0.0,0,0,0.0,0,0,1,5,78.0,0,,2024-02-05,511.0,,,,2024-02-05,
unlinked_gac_6e752554,False,1,,,,,0.0,0.0,0,0,0.0,0,0,2,27,319.0,0,,2024-10-10,263.0,,,,2024-10-10,
unlinked_gac_7025667f,False,1,,,,,0.0,0.0,0,0,0.0,0,0,3,23,364.0,0,,2025-02-09,141.0,,,,2025-02-09,
unlinked_gac_712366ca,False,1,,,,,0.0,0.0,0,0,0.0,0,0,1,1,291.0,0,,2024-01-15,532.0,,,,2024-01-15,
unlinked_gac_71770667,False,1,,,,,0.0,0.0,0,0,0.0,0,0,3,27,238.67,0,,2023-01-17,895.0,,,,2023-01-17,
unlinked_gac_71d35cf2,False,1,,,,,0.0,0.0,0,0,0.0,0,0,2,20,87.5,0,,2024-01-13,534.0,,,,2024-01-13,
unlinked_gac_7206317f,False,1,,,,,0.0,0.0,0,0,0.0,0,0,9,102,245.67,0,,2025-03-23,99.0,,,,2025-03-23,
unlinked_gac_72e71a49,False,1,,,,,0.0,0.0,0,0,0.0,0,0,4,49,211.0,0,,2024-03-04,483.0,,,,2024-03-04,
unlinked_gac_743c2614,False,1,Calgary,Female,18-24,2023-01-03,0.0,0.0,0,0,0.0,0,0,2,26,506.0,0,,2024-09-11,292.0,,,,2024-09-11,
unlinked_gac_761dd715,False,1,,,,,0.0,0.0,0,0,0.0,0,0,3,39,362.67,0,,2024-11-17,225.0,,,,2024-11-17,
unlinked_gac_76c0c7a2,False,1,,,,,0.0,0.0,0,0,0.0,0,0,5,76,235.2,0,,2025-06-06,24.0,,,,2025-06-06,
unlinked_gac_774aedb2,False,1,,,,,0.0,0.0,0,0,0.0,0,0,2,19,238.5,0,,2024-10-12,261.0,,,,2024-10-12,
unlinked_gac_77704dbd,False,1,,,,,0.0,0.0,0,0,0.0,0,0,3,32,230.0,0,,2024-07-17,348.0,,,,2024-07-17,
unlinked_gac_77d6721e,False,1,,,,,0.0,0.0,0,0,0.0,0,0,6,52,369.5,0,,2025-05-29,32.0,,,,2025-05-29,
unlinked_gac_782ab306,False,1,,,,,0.0,0.0,0,0,0.0,0,0,2,27,355.5,0,,2025-02-09,141.0,,,,2025-02-09,
unlinked_gac_787d5858,False,1,,,,,0.0,0.0,0,0,0.0,0,0,3,40,351.67,0,,2024-11-20,222.0,,,,2024-11-20,
unlinked_gac_7a83edb9,False,1,,,,,0.0,0.0,0,0,0.0,0,0,7,39,347.57,0,,2025-06-19,11.0,,,,2025-06-19,
unlinked_gac_7d2272f1,False,1,,,,,0.0,0.0,0,0,0.0,0,0,5,35,391.4,0,,2025-06-14,16.0,,,,2025-06-14,
unlinked_gac_84c30a64,False,1,,,,,0.0,0.0,0,0,0.0,0,0,5,51,332.0,0,,2024-11-27,215.0,,,,2024-11-27,
unlinked_gac_86ec7358,False,1,,,,,0.0,0.0,0,0,0.0,0,0,4,58,453.25,0,,2024-08-24,310.0,,,,2024-08-24,
unlinked_gac_88fb729c,False,1,,,,,0.0,0.0,0,0,0.0,0,0,1,4,177.0,0,,2024-02-16,500.0,,,,2024-02-16,
unlinked_gac_8b202c97,False,1,,,,,0.0,0.0,0,0,0.0,0,0,2,26,560.5,0,,2024-07-07,358.0,,,,2024-07-07,
unlinked_gac_8bc09dab,False,1,,,,,0.0,0.0,0,0,0.0,0,0,3,22,268.67,0,,2024-10-17,256.0,,,,2024-10-17,
unlinked_gac_8d11115e,False,1,,,,,0.0,0.0,0,0,0.0,0,0,5,67,415.2,0,,2025-06-14,16.0,,,,2025-06-14,
unlinked_gac_8da9d7f3,False,1,,,,,0.0,0.0,0,0,0.0,0,0,3,13,382.0,0,,2025-01-17,164.0,,,,2025-01-17,
unlinked_gac_8ef635a8,False,1,,,,,0.0,0.0,0,0,0.0,0,0,6,41,274.17,0,,2025-01-15,166.0,,,,2025-01-15,
unlinked_gac_971113d0,False,1,,,,,0.0,0.0,0,0,0.0,0,0,3,35,303.33,0,,2025-06-19,11.0,,,,2025-06-19,
unlinked_gac_97496dce,False,1,,,,,0.0,0.0,0,0,0.0,0,0,3,53,375.0,0,,2025-01-10,171.0,,,,2025-01-10,
unlinked_gac_97ee9a29,False,1,,,,,0.0,0.0,0,0,0.0,0,0,5,60,368.2,0,,2025-04-06,85.0,,,,2025-04-06,
unlinked_gac_99b5d691,False,1,Calgary,Male,18-24,2022-11-19,0.0,0.0,0,0,0.0,0,0,2,12,433.0,0,,2025-04-09,82.0,,,,2025-04-09,
unlinked_gac_9a8368c3,False,1,,,,,0.0,0.0,0,0,0.0,0,0,3,32,397.67,0,,2024-09-04,299.0,,,,2024-09-04,
unlinked_gac_9b770030,False,1,,,,,0.0,0.0,0,0,0.0,0,0,2,25,322.0,0,,2025-03-14,108.0,,,,2025-03-14,
unlinked_gac_9f80e309,False,1,,,,,0.0,0.0,0,0,0.0,0,0,7,90,323.43,0,,2024-06-01,394.0,,,,2024-06-01,
unlinked_gac_a03ae174,False,1,,,,,0.0,0.0,0,0,0.0,0,0,3,23,151.33,0,,2025-03-18,104.0,,,,2025-03-18,
unlinked_gac_a18b066e,False,1,,,,,0.0,0.0,0,0,0.0,0,0,4,65,405.0,0,,2024-11-26,216.0,,,,2024-11-26,
unlinked_gac_a1a6d064,False,1,,,,,0.0,0.0,0,0,0.0,0,0,6,59,315.83,0,,2025-02-08,142.0,,,,2025-02-08,
unlinked_gac_a3d89d76,False,1,Montreal,Other,55+,2023-11-02,0.0,0.0,0,0,0.0,0,0,5,57,329.2,0,,2025-03-28,94.0,,,,2025-03-28,
unlinked_gac_a4ef6759,False,1,,,,,0.0,0.0,0,0,0.0,0,0,2,18,211.0,0,,2024-05-24,402.0,,,,2024-05-24,
unlinked_gac_a5fbaf0f,False,1,,,,,0.0,0.0,0,0,0.0,0,0,5,74,271.4,0,,2025-05-23,38.0,,,,2025-05-23,
unlinked_gac_a6d33691,False,1,,,,,0.0,0.0,0,0,0.0,0,0,4,30,396.5,0,,2023-10-16,623.0,,,,2023-10-16,
unlinked_gac_a76279a1,False,1,,,,,0.0,0.0,0,0,0.0,0,0,2,25,202.0,0,,2025-02-16,134.0,,,,2025-02-16,
unlinked_gac_a786c40a,False,1,,,,,0.0,0.0,0,0,0.0,0,0,5,40,306.6,0,,2024-11-04,238.0,,,,2024-11-04,
unlinked_gac_aa9c2aab,False,1,,,,,0.0,0.0,0,0,0.0,0,0,5,41,398.0,0,,2024-08-25,309.0,,,,2024-08-25,
unlinked_gac_ab0ff91c,False,1,Toronto,Other,25-34,2023-07-10,0.0,0.0,0,0,0.0,0,0,2,31,364.0,0,,2024-05-02,424.0,,,,2024-05-02,
unlinked_gac_ab6e4daa,False,1,,,,,0.0,0.0,0,0,0.0,0,0,5,66,296.0,0,,2025-03-30,92.0,,,,2025-03-30,
unlinked_gac_ab88d9be,False,1,Calgary,Male,55+,2022-01-26,0.0,0.0,0,0,0.0,0,0,10,109,366.7,0,,2024-12-23,189.0,,,,2024-12-23,
unlinked_gac_ad9f2647,False,1,,,,,0.0,0.0,0,0,0.0,0,0,3,38,247.67,0,,2024-09-07,296.0,,,,2024-09-07,
unlinked_gac_b151c04e,False,1,,,,,0.0,0.0,0,0,0.0,0,0,6,69,235.33,0,,2024-07-09,356.0,,,,2024-07-09,
unlinked_gac_b18514e6,False,1,,,,,0.0,0.0,0,0,0.0,0,0,5,52,196.0,0,,2025-04-10,81.0,,,,2025-04-10,
unlinked_gac_b4452b7f,False,1,,,,,0.0,0.0,0,0,0.0,0,0,5,52,420.2,0,,2025-06-02,28.0,,,,2025-06-02,
unlinked_gac_bb1f6ab8,False,1,Vancouver,Female,18-24,2022-01-06,0.0,0.0,0,0,0.0,0,0,2,25,269.5,0,,2024-02-24,492.0,,,,2024-02-24,
unlinked_gac_bcf1b226,False,1,,,,,0.0,0.0,0,0,0.0,0,0,5,21,405.8,0,,2024-04-30,426.0,,,,2024-04-30,
unlinked_gac_bf770ea4,False,1,,,,,0.0,0.0,0,0,0.0,0,0,3,6,266.0,0,,2024-10-08,265.0,,,,2024-10-08,
unlinked_gac_c1d90d07,False,1,,,,,0.0,0.0,0,0,0.0,0,0,5,49,330.4,0,,2024-12-08,204.0,,,,2024-12-08,
unlinked_gac_cb679aac,False,1,,,,,0.0,0.0,0,0,0.0,0,0,4,41,294.5,0,,2025-05-07,54.0,,,,2025-05-07,
unlinked_gac_cbfdf74d,False,1,Vancouver,Other,55+,2022-11-04,0.0,0.0,0,0,0.0,0,0,4,43,130.0,0,,2024-01-26,521.0,,,,2024-01-26,
unlinked_gac_ccc1f6e5,False,1,,,,,0.0,0.0,0,0,0.0,0,0,1,5,208.0,0,,2024-11-21,221.0,,,,2024-11-21,
unlinked_gac_cce6299d,False,1,,,,,0.0,0.0,0,0,0.0,0,0,12,118,334.67,0,,2025-06-13,17.0,,,,2025-06-13,
unlinked_gac_cd4ea307,False,1,,,,,0.0,0.0,0,0,0.0,0,0,7,54,204.29,0,,2025-02-22,128.0,,,,2025-02-22,
unlinked_gac_d3162415,False,1,Montreal,Other,55+,2022-04-05,0.0,0.0,0,0,0.0,0,0,4,28,320.75,0,,2025-02-28,122.0,,,,2025-02-28,
unlinked_gac_d6d90843,False,1,,,,,0.0,0.0,0,0,0.0,0,0,4,29,255.75,0,,2025-06-29,1.0,,,,2025-06-29,
unlinked_gac_d6d99ef1,False,1,,,,,0.0,0.0,0,0,0.0,0,0,2,17,157.5,0,,2024-08-13,321.0,,,,2024-08-13,
unlinked_gac_dbe86b49,False,1,,,,,0.0,0.0,0,0,0.0,0,0,8,83,220.12,0,,2024-10-29,244.0,,,,2024-10-29,
unlinked_gac_dd8b0b7b,False,1,,,,,0.0,0.0,0,0,0.0,0,0,2,29,361.5,0,,2025-05-01,60.0,,,,2025-05-01,
unlinked_gac_de568438,False,1,,,,,0.0,0.0,0,0,0.0,0,0,4,32,290.5,0,,2024-04-03,453.0,,,,2024-04-03,
unlinked_gac_de8d2743,False,1,Toronto,Other,45-54,2025-03-16,0.0,0.0,0,0,0.0,0,0,3,35,249.67,0,,2025-05-19,42.0,,,,2025-05-19,
unlinked_gac_df0e7158,False,1,,,,,0.0,0.0,0,0,0.0,0,0,3,36,223.33,0,,2024-09-06,297.0,,,,2024-09-06,
unlinked_gac_dfd333e1,False,1,,,,,0.0,0.0,0,0,0.0,0,0,3,21,342.67,0,,2025-02-26,124.0,,,,2025-02-26,
unlinked_gac_e239122d,False,1,,,,,0.0,0.0,0,0,0.0,0,0,7,67,413.0,0,,2024-06-28,367.0,,,,2024-06-28,
unlinked_gac_e3350c48,False,1,,,,,0.0,0.0,0,0,0.0,0,0,5,37,221.8,0,,2025-03-30,92.0,,,,2025-03-30,
unlinked_gac_e48caee8,False,1,,,,,0.0,0.0,0,0,0.0,0,0,3,28,403.67,0,,2024-02-04,512.0,,,,2024-02-04,
unlinked_gac_e4b203b5,False,1,Toronto,Other,35-44,2023-05-24,0.0,0.0,0,0,0.0,0,0,2,17,98.5,0,,2025-02-25,125.0,,,,2025-02-25,
unlinked_gac_e5ad6e5b,False,1,Montreal,Other,55+,2022-05-22,0.0,0.0,0,0,0.0,0,0,9,126,261.44,0,,2025-06-16,14.0,,,,2025-06-16,
unlinked_gac_ea640a14,False,1,,,,,0.0,0.0,0,0,0.0,0,0,4,56,281.0,0,,2024-12-12,200.0,,,,2024-12-12,
unlinked_gac_ed3f1dd9,False,1,Vancouver,Male,55+,2023-01-02,0.0,0.0,0,0,0.0,0,0,6,88,267.5,0,,2024-12-14,198.0,,,,2024-12-14,
unlinked_gac_edc042b3,False,1,,,,,0.0,0.0,0,0,0.0,0,0,5,47,434.2,0,,2024-04-17,439.0,,,,2024-04-17,
unlinked_gac_eed1086c,False,1,,,,,0.0,0.0,0,0,0.0,0,0,2,26,83.0,0,,2023-08-07,693.0,,,,2023-08-07,
unlinked_gac_f251a40b,False,1,,,,,0.0,0.0,0,0,0.0,0,0,6,67,269.17,0,,2024-11-07,235.0,,,,2024-11-07,
unlinked_gac_f9cab2cb,False,1,Vancouver,Female,18-24,2022-04-05,0.0,0.0,0,0,0.0,0,0,2,19,358.5,0,,2023-07-18,713.0,,,,2023-07-18,
unlinked_gac_fa9420ce,False,1,,,,,0.0,0.0,0,0,0.0,0,0,3,21,242.67,0,,2025-01-17,164.0,,,,2025-01-17,
unlinked_gac_fb4496c4,False,1,,,,,0.0,0.0,0,0,0.0,0,0,8,77,305.0,0,,2024-02-07,509.0,,,,2024-02-07,
unlinked_gac_fb956c0e,False,1,,,,,0.0,0.0,0,0,0.0,0,0,2,32,507.0,0,,2025-01-09,172.0,,,,2025-01-09,
unlinked_gac_fc350aeb,False,1,,,,,0.0,0.0,0,0,0.0,0,0,4,31,286.5,0,,2024-05-03,423.0,,,,2024-05-03,
unlinked_gac_fed2cee4,False,1,,,,,0.0,0.0,0,0,0.0,0,0,5,61,248.0,0,,2023-06-19,742.0,,,,2023-06-19,
unlinked_gac_ffcd6bed,False,1,,,,,0.0,0.0,0,0,0.0,0,0,2,23,396.5,0,,2025-06-05,25.0,,,,2025-06-05,
unlinked_rtc_00b64db1,False,1,,,,,0.0,0.0,0,0,989.05,8,0,0,0,0.0,0,,2024-03-23,464.0,,,2024-03-23,,
unlinked_rtc_013b0912,False,1,,,,,0.0,0.0,0,0,224.19,2,1,0,0,0.0,0,,2025-06-03,27.0,,,2025-06-03,,
unlinked_rtc_02a4ed1b,False,1,,,,,0.0,0.0,0,0,234.82,3,1,0,0,0.0,0,,2025-05-01,60.0,,,2025-05-01,,
unlinked_rtc_03e8433e,False,1,,,,,0.0,0.0,0,0,392.44,5,0,0,0,0.0,0,,2024-12-16,196.0,,,2024-12-16,,
unlinked_rtc_0be42318,False,1,Toronto,Female,55+,2024-10-04,0.0,0.0,0,0,189.74,2,0,0,0,0.0,0,,2024-09-16,287.0,,,2024-09-16,,
unlinked_rtc_0dad712a,False,1,,,,,0.0,0.0,0,0,360.62,4,0,0,0,0.0,0,,2024-07-21,344.0,,,2024-07-21,,
unlinked_rtc_0ddccd99,False,1,Toronto,Other,35-44,2025-04-26,0.0,0.0,0,0,464.8,4,0,0,0,0.0,0,,2022-12-07,936.0,,,2022-12-07,,
unlinked_rtc_0ef6b53f,False,1,Vancouver,Other,35-44,2023-12-11,0.0,0.0,0,0,789.94,7,0,0,0,0.0,0,,2025-03-05,117.0,,,2025-03-05,,
unlinked_rtc_0fbd02b8,False,1,Toronto,Other,25-34,2022-01-20,0.0,0.0,0,0,255.59,3,0,0,0,0.0,0,,2024-11-15,227.0,,,2024-11-15,,
unlinked_rtc_1096f245,False,1,,,,,0.0,0.0,0,0,714.98,6,1,0,0,0.0,0,,2025-06-15,15.0,,,2025-06-15,,
unlinked_rtc_10c75a24,False,1,Calgary,Male,35-44,2022-06-23,0.0,0.0,0,0,507.81,4,0,0,0,0.0,0,,2023-07-03,728.0,,,2023-07-03,,
unlinked_rtc_1394cb72,False,1,,,,,0.0,0.0,0,0,193.67,2,0,0,0,0.0,0,,2023-12-29,549.0,,,2023-12-29,,
unlinked_rtc_15e178b5,False,1,,,,,0.0,0.0,0,0,485.14,5,0,0,0,0.0,0,,2025-01-17,164.0,,,2025-01-17,,
unlinked_rtc_1a258ccc,False,1,,,,,0.0,0.0,0,0,593.18,5,1,0,0,0.0,0,,2025-04-27,64.0,,,2025-04-27,,
unlinked_rtc_1e8b30a4,False,1,,,,,0.0,0.0,0,0,190.31,3,0,0,0,0.0,0,,2024-11-01,241.0,,,2024-11-01,,
unlinked_rtc_2e0c97c8,False,1,,,,,0.0,0.0,0,0,361.35,6,1,0,0,0.0,0,,2025-04-27,64.0,,,2025-04-27,,
unlinked_rtc_3121d644,False,1,,,,,0.0,0.0,0,0,411.5,4,0,0,0,0.0,0,,2025-01-12,169.0,,,2025-01-12,,
unlinked_rtc_32b3b0e4,False,1,Toronto,Female,55+,2024-11-01,0.0,0.0,0,0,285.89,2,0,0,0,0.0,0,,2025-02-19,131.0,,,2025-02-19,,
unlinked_rtc_394defd7,False,1,,,,,0.0,0.0,0,0,208.2,2,0,0,0,0.0,0,,2023-12-27,551.0,,,2023-12-27,,
unlinked_rtc_3c194471,False,1,Vancouver,Other,25-34,2024-07-27,0.0,0.0,0,0,35.12,2,0,0,0,0.0,0,,2023-05-31,761.0,,,2023-05-31,,
unlinked_rtc_40e49658,False,1,Calgary,Male,55+,2024-07-24,0.0,0.0,0,0,875.79,7,0,0,0,0.0,0,,2024-07-08,357.0,,,2024-07-08,,
unlinked_rtc_43a865d7,False,1,,,,,0.0,0.0,0,0,322.01,3,1,0,0,0.0,0,,2025-06-20,10.0,,,2025-06-20,,
unlinked_rtc_45ff99fd,False,1,,,,,0.0,0.0,0,0,168.04,1,0,0,0,0.0,0,,2024-01-22,525.0,,,2024-01-22,,
unlinked_rtc_4caf775a,False,1,,,,,0.0,0.0,0,0,773.35,8,0,0,0,0.0,0,,2024-09-27,276.0,,,2024-09-27,,
unlinked_rtc_4d239946,False,1,,,,,0.0,0.0,0,0,327.55,3,1,0,0,0.0,0,,2025-06-03,27.0,,,2025-06-03,,
unlinked_rtc_4db1e82e,False,1,,,,,0.0,0.0,0,0,460.31,4,2,0,0,0.0,0,,2025-04-20,71.0,,,2025-04-20,,
unlinked_rtc_50521509,False,1,,,,,0.0,0.0,0,0,31.99,1,0,0,0,0.0,0,,2024-02-04,512.0,,,2024-02-04,,
unlinked_rtc_5d18ccd4,False,1,,,,,0.0,0.0,0,0,536.54,5,1,0,0,0.0,0,,2025-04-17,74.0,,,2025-04-17,,
unlinked_rtc_6292eec8,False,1,Calgary,Female,25-34,2023-02-15,0.0,0.0,0,0,468.59,6,0,0,0,0.0,0,,2025-02-16,134.0,,,2025-02-16,,
unlinked_rtc_63a6b598,False,1,,,,,0.0,0.0,0,0,468.43,5,1,0,0,0.0,0,,2025-05-02,59.0,,,2025-05-02,,
unlinked_rtc_67185928,False,1,Montreal,Male,55+,2022-07-15,0.0,0.0,0,0,481.06,4,0,0,0,0.0,0,,2024-09-01,302.0,,,2024-09-01,,
unlinked_rtc_68e085d5,False,1,,,,,0.0,0.0,0,0,346.97,4,1,0,0,0.0,0,,2025-06-08,22.0,,,2025-06-08,,
unlinked_rtc_6b8b8a62,False,1,,,,,0.0,0.0,0,0,174.81,3,0,0,0,0.0,0,,2024-12-25,187.0,,,2024-12-25,,
unlinked_rtc_6cca2373,False,1,Calgary,Male,35-44,2022-05-03,0.0,0.0,0,0,487.94,3,0,0,0,0.0,0,,2025-02-27,123.0,,,2025-02-27,,
unlinked_rtc_6cce65e1,False,1,,,,,0.0,0.0,0,0,472.24,5,0,0,0,0.0,0,,2024-06-25,370.0,,,2024-06-25,,
unlinked_rtc_6d1c8984,False,1,Toronto,Female,45-54,2025-04-04,0.0,0.0,0,0,679.71,6,1,0,0,0.0,0,,2025-05-06,55.0,,,2025-05-06,,
unlinked_rtc_735cd379,False,1,Calgary,Female,55+,2022-03-31,0.0,0.0,0,0,628.39,5,0,0,0,0.0,0,,2024-07-11,354.0,,,2024-07-11,,
unlinked_rtc_79270e07,False,1,,,,,0.0,0.0,0,0,84.57,1,0,0,0,0.0,0,,2024-03-25,462.0,,,2024-03-25,,
unlinked_rtc_7bb5838a,False,1,Calgary,Other,25-34,2022-07-10,0.0,0.0,0,0,386.88,4,0,0,0,0.0,0,,2024-11-19,223.0,,,2024-11-19,,
unlinked_rtc_84580db2,False,1,Montreal,Male,18-24,2024-04-19,0.0,0.0,0,0,446.73,6,1,0,0,0.0,0,,2025-04-06,85.0,,,2025-04-06,,
unlinked_rtc_84b36fb9,False,1,Calgary,Female,18-24,2022-08-01,0.0,0.0,0,0,164.78,1,0,0,0,0.0,0,,2024-03-06,481.0,,,2024-03-06,,
unlinked_rtc_85cfe2ac,False,1,,,,,0.0,0.0,0,0,41.42,1,0,0,0,0.0,0,,2024-09-19,284.0,,,2024-09-19,,
unlinked_rtc_8b752587,False,1,,,,,0.0,0.0,0,0,72.4,1,0,0,0,0.0,0,,2022-04-20,1167.0,,,2022-04-20,,
unlinked_rtc_8df2f60c,False,1,,,,,0.0,0.0,0,0,474.55,3,1,0,0,0.0,0,,2025-05-22,39.0,,,2025-05-22,,
unlinked_rtc_8e7ad988,False,1,,,,,0.0,0.0,0,0,243.51,3,1,0,0,0.0,0,,2025-05-20,41.0,,,2025-05-20,,
unlinked_rtc_901dffce,False,1,,,,,0.0,0.0,0,0,106.77,2,0,0,0,0.0,0,,2023-10-07,632.0,,,2023-10-07,,
unlinked_rtc_90cb3983,False,1,,,,,0.0,0.0,0,0,369.62,4,0,0,0,0.0,0,,2023-07-24,707.0,,,2023-07-24,,
unlinked_rtc_91a1d43c,False,1,,,,,0.0,0.0,0,0,97.83,1,0,0,0,0.0,0,,2022-07-02,1094.0,,,2022-07-02,,
unlinked_rtc_9460b66f,False,1,,,,,0.0,0.0,0,0,223.1,2,0,0,0,0.0,0,,2023-09-07,662.0,,,2023-09-07,,
unlinked_rtc_949f1ef3,False,1,,,,,0.0,0.0,0,0,161.85,1,0,0,0,0.0,0,,2024-10-10,263.0,,,2024-10-10,,
unlinked_rtc_94d9f4f2,False,1,Montreal,Other,45-54,2023-04-20,0.0,0.0,0,0,397.9,5,0,0,0,0.0,0,,2025-01-08,173.0,,,2025-01-08,,
unlinked_rtc_9d7aa7f0,False,1,Toronto,Male,45-54,2025-01-14,0.0,0.0,0,0,348.45,2,0,0,0,0.0,0,,2022-10-09,995.0,,,2022-10-09,,
unlinked_rtc_9ee39c19,False,1,,,,,0.0,0.0,0,0,330.5,2,0,0,0,0.0,0,,2024-04-11,445.0,,,2024-04-11,,
unlinked_rtc_a5181ecb,False,1,,,,,0.0,0.0,0,0,249.06,3,0,0,0,0.0,0,,2022-07-31,1065.0,,,2022-07-31,,
unlinked_rtc_a6374bd0,False,1,,,,,0.0,0.0,0,0,179.56,2,0,0,0,0.0,0,,2025-02-01,149.0,,,2025-02-01,,
unlinked_rtc_a65b73e2,False,1,,,,,0.0,0.0,0,0,410.45,5,0,0,0,0.0,0,,2025-02-14,136.0,,,2025-02-14,,
unlinked_rtc_a7916da5,False,1,,,,,0.0,0.0,0,0,530.54,4,0,0,0,0.0,0,,2024-12-09,203.0,,,2024-12-09,,
unlinked_rtc_a82bba01,False,1,,,,,0.0,0.0,0,0,373.36,5,0,0,0,0.0,0,,2024-06-01,394.0,,,2024-06-01,,
unlinked_rtc_abccd9c3,False,1,,,,,0.0,0.0,0,0,237.97,3,0,0,0,0.0,0,,2024-09-08,295.0,,,2024-09-08,,
unlinked_rtc_addc972c,False,1,Montreal,Female,18-24,2024-10-07,0.0,0.0,0,0,787.21,6,0,0,0,0.0,0,,2024-09-16,287.0,,,2024-09-16,,
unlinked_rtc_b2b74d32,False,1,Montreal,Male,45-54,2023-05-18,0.0,0.0,0,0,377.23,4,0,0,0,0.0,0,,2025-02-28,122.0,,,2025-02-28,,
unlinked_rtc_b3bdbebe,False,1,,,,,0.0,0.0,0,0,550.53,4,0,0,0,0.0,0,,2024-07-27,338.0,,,2024-07-27,,
unlinked_rtc_b41a78fc,False,1,,,,,0.0,0.0,0,0,383.51,3,1,0,0,0.0,0,,2025-06-18,12.0,,,2025-06-18,,
unlinked_rtc_b7d42d27,False,1,,,,,0.0,0.0,0,0,265.64,6,1,0,0,0.0,0,,2025-04-22,69.0,,,2025-04-22,,
unlinked_rtc_c94398fd,False,1,,,,,0.0,0.0,0,0,497.67,4,0,0,0,0.0,0,,2024-09-05,298.0,,,2024-09-05,,
unlinked_rtc_c94f3b20,False,1,,,,,0.0,0.0,0,0,535.34,4,0,0,0,0.0,0,,2025-01-23,158.0,,,2025-01-23,,
unlinked_rtc_cd314add,False,1,,,,,0.0,0.0,0,0,774.11,5,0,0,0,0.0,0,,2024-06-16,379.0,,,2024-06-16,,
unlinked_rtc_cd42b6ed,False,1,Toronto,Female,55+,2022-11-05,0.0,0.0,0,0,322.09,3,0,0,0,0.0,0,,2024-09-27,276.0,,,2024-09-27,,
unlinked_rtc_d2945f34,False,1,,,,,0.0,0.0,0,0,257.34,2,0,0,0,0.0,0,,2023-07-25,706.0,,,2023-07-25,,
unlinked_rtc_d31114e0,False,1,,,,,0.0,0.0,0,0,141.38,2,0,0,0,0.0,0,,2023-10-19,620.0,,,2023-10-19,,
unlinked_rtc_d6a8cc7e,False,1,,,,,0.0,0.0,0,0,478.15,5,1,0,0,0.0,0,,2025-04-14,77.0,,,2025-04-14,,
unlinked_rtc_de27f658,False,1,,,,,0.0,0.0,0,0,370.05,3,0,0,0,0.0,0,,2023-08-23,677.0,,,2023-08-23,,
unlinked_rtc_dee9051a,False,1,Montreal,Other,35-44,2022-10-01,0.0,0.0,0,0,285.37,3,1,0,0,0.0,0,,2025-04-11,80.0,,,2025-04-11,,
unlinked_rtc_e1f98ae8,False,1,Toronto,Female,55+,2022-01-17,0.0,0.0,0,0,426.1,5,0,0,0,0.0,0,,2025-02-04,146.0,,,2025-02-04,,
unlinked_rtc_e2bc7629,False,1,,,,,0.0,0.0,0,0,424.29,5,0,0,0,0.0,0,,2025-01-15,166.0,,,2025-01-15,,
unlinked_rtc_e66292f8,False,0,Vancouver,Male,18-24,2024-04-25,0.0,0.0,0,0,0.0,0,0,0,0,0.0,0,,,,,,,,
unlinked_rtc_ee3f7ad8,False,1,,,,,0.0,0.0,0,0,442.8,3,0,0,0,0.0,0,,2023-09-02,667.0,,,2023-09-02,,
unlinked_rtc_ee58b114,False,1,,,,,0.0,0.0,0,0,390.69,4,0,0,0,0.0,0,,2024-03-07,480.0,,,2024-03-07,,
unlinked_rtc_f229ca3c,False,1,,,,,0.0,0.0,0,0,21.73,1,0,0,0,0.0,0,,2024-09-29,274.0,,,2024-09-29,,
unlinked_rtc_f96198e1,False,1,,,,,0.0,0.0,0,0,276.91,3,0,0,0,0.0,0,,2024-11-21,221.0,,,2024-11-21,,
unlinked_sfc_00c9e689,False,1,Vancouver,Other,55+,2023-07-12,0.0,0.0,0,0,0.0,0,0,0,0,0.0,1,Closed Won,2022-05-18,1139.0,,,,,2022-05-18
unlinked_sfc_0fcffaae,False,1,,,,,0.0,0.0,0,0,0.0,0,0,0,0,0.0,1,Closed Won,2022-07-04,1092.0,,,,,2022-07-04
unlinked_sfc_1251674d,False,1,Vancouver,Male,55+,2022-03-02,0.0,0.0,0,0,0.0,0,0,0,0,0.0,1,Closed Won,2024-12-26,186.0,,,,,2024-12-26
unlinked_sfc_19a2fd3f,False,1,,,,,0.0,0.0,0,0,0.0,0,0,0,0,0.0,1,Proposal,2023-12-19,559.0,,,,,2023-12-19
unlinked_sfc_1c47a8c6,False,1,,,,,0.0,0.0,0,0,0.0,0,0,0,0,0.0,4,Qualified,2025-02-24,126.0,,,,,2025-02-24
unlinked_sfc_1db4a30e,False,1,,,,,0.0,0.0,0,0,0.0,0,0,0,0,0.0,2,Proposal,2022-11-06,967.0,,,,,2022-11-06
unlinked_sfc_1f90e4b0,False,1,,,,,0.0,0.0,0,0,0.0,0,0,0,0,0.0,1,Closed Lost,2024-01-20,527.0,,,,,2024-01-20
unlinked_sfc_281c93ad,False,1,,,,,0.0,0.0,0,0,0.0,0,0,0,0,0.0,3,Closed Won,2024-05-01,425.0,,,,,2024-05-01
unlinked_sfc_28568d9e,False,1,,,,,0.0,0.0,0,0,0.0,0,0,0,0,0.0,4,Closed Lost,2023-12-08,570.0,,,,,2023-12-08
unlinked_sfc_2c494f69,False,1,,,,,0.0,0.0,0,0,0.0,0,0,0,0,0.0,1,Qualified,2023-04-26,796.0,,,,,2023-04-26
unlinked_sfc_3314aea6,False,1,,,,,0.0,0.0,0,0,0.0,0,0,0,0,0.0,4,Closed Won,2025-02-14,136.0,,,,,2025-02-14
unlinked_sfc_33d47573,False,1,,,,,0.0,0.0,0,0,0.0,0,0,0,0,0.0,6,Proposal,2025-05-07,54.0,,,,,2025-05-07
unlinked_sfc_3d4a8b54,False,1,,,,,0.0,0.0,0,0,0.0,0,0,0,0,0.0,5,Closed Lost,2025-04-12,79.0,,,,,2025-04-12
unlinked_sfc_3da3933b,False,1,Calgary,Female,45-54,2022-12-26,0.0,0.0,0,0,0.0,0,0,0,0,0.0,3,Proposal,2024-12-22,190.0,,,,,2024-12-22
unlinked_sfc_3e78e405,False,1,,,,,0.0,0.0,0,0,0.0,0,0,0,0,0.0,4,Qualified,2025-02-15,135.0,,,,,2025-02-15
unlinked_sfc_41031581,False,1,Montreal,Other,25-34,2022-09-02,0.0,0.0,0,0,0.0,0,0,0,0,0.0,2,Prospecting,2023-06-21,740.0,,,,,2023-06-21
unlinked_sfc_420ab0f7,False,1,Vancouver,Other,45-54,2025-05-31,0.0,0.0,0,0,0.0,0,0,0,0,0.0,2,Closed Lost,2024-08-08,326.0,,,,,2024-08-08
unlinked_sfc_44eb43f0,False,1,Calgary,Male,55+,2023-02-21,0.0,0.0,0,0,0.0,0,0,0,0,0.0,1,Prospecting,2025-04-17,74.0,,,,,2025-04-17
unlinked_sfc_4d3eb3c6,False,1,,,,,0.0,0.0,0,0,0.0,0,0,0,0,0.0,1,Proposal,2023-05-03,789.0,,,,,2023-05-03
unlinked_sfc_4e6ee761,False,1,Montreal,Male,45-54,2022-10-09,0.0,0.0,0,0,0.0,0,0,0,0,0.0,6,Closed Won,2025-05-28,33.0,,,,,2025-05-28
unlinked_sfc_53d9ef9c,False,1,,,,,0.0,0.0,0,0,0.0,0,0,0,0,0.0,2,Prospecting,2023-03-21,832.0,,,,,2023-03-21
unlinked_sfc_5b384255,False,1,Montreal,Female,35-44,2022-04-23,0.0,0.0,0,0,0.0,0,0,0,0,0.0,3,Closed Lost,2025-02-24,126.0,,,,,2025-02-24
unlinked_sfc_5f137b24,False,1,,,,,0.0,0.0,0,0,0.0,0,0,0,0,0.0,3,Closed Won,2023-12-22,556.0,,,,,2023-12-22
unlinked_sfc_5fb09b08,False,1,,,,,0.0,0.0,0,0,0.0,0,0,0,0,0.0,4,Prospecting,2024-04-27,429.0,,,,,2024-04-27
unlinked_sfc_5fce1e34,False,1,,,,,0.0,0.0,0,0,0.0,0,0,0,0,0.0,4,Proposal,2024-01-04,543.0,,,,,2024-01-04
unlinked_sfc_5ff580fd,False,1,,,,,0.0,0.0,0,0,0.0,0,0,0,0,0.0,2,Proposal,2025-01-11,170.0,,,,,2025-01-11
unlinked_sfc_60afb840,False,1,,,,,0.0,0.0,0,0,0.0,0,0,0,0,0.0,2,Proposal,2025-05-18,43.0,,,,,2025-05-18
unlinked_sfc_67c124a0,False,1,,,,,0.0,0.0,0,0,0.0,0,0,0,0,0.0,4,Prospecting,2025-02-18,132.0,,,,,2025-02-18
unlinked_sfc_68a7d625,False,1,,,,,0.0,0.0,0,0,0.0,0,0,0,0,0.0,2,Closed Lost,2024-02-10,506.0,,,,,2024-02-10
unlinked_sfc_6c434816,False,1,Vancouver,Male,45-54,2024-07-17,0.0,0.0,0,0,0.0,0,0,0,0,0.0,5,Prospecting,2024-08-29,305.0,,,,,2024-08-29
unlinked_sfc_742187b8,False,1,,,,,0.0,0.0,0,0,0.0,0,0,0,0,0.0,2,Closed Lost,2024-11-05,237.0,,,,,2024-11-05
unlinked_sfc_744ca3de,False,1,,,,,0.0,0.0,0,0,0.0,0,0,0,0,0.0,5,Qualified,2023-09-13,656.0,,,,,2023-09-13
unlinked_sfc_82995992,False,1,Calgary,Other,45-54,2022-06-26,0.0,0.0,0,0,0.0,0,0,0,0,0.0,3,Qualified,2025-04-30,61.0,,,,,2025-04-30
unlinked_sfc_9521b5d7,False,1,,,,,0.0,0.0,0,0,0.0,0,0,0,0,0.0,3,Prospecting,2024-12-22,190.0,,,,,2024-12-22
unlinked_sfc_95d6391b,False,1,,,,,0.0,0.0,0,0,0.0,0,0,0,0,0.0,2,Closed Lost,2023-04-24,798.0,,,,,2023-04-24
unlinked_sfc_97b5013a,False,1,,,,,0.0,0.0,0,0,0.0,0,0,0,0,0.0,1,Closed Lost,2024-12-15,197.0,,,,,2024-12-15
unlinked_sfc_980cc50c,False,1,,,,,0.0,0.0,0,0,0.0,0,0,0,0,0.0,2,Closed Lost,2023-01-05,907.0,,,,,2023-01-05
unlinked_sfc_99bdadb1,False,1,Vancouver,Female,35-44,2023-07-05,0.0,0.0,0,0,0.0,0,0,0,0,0.0,3,Qualified,2024-03-24,463.0,,,,,2024-03-24
unlinked_sfc_9ecefb52,False,1,Calgary,Female,35-44,2024-11-12,0.0,0.0,0,0,0.0,0,0,0,0,0.0,4,Prospecting,2025-02-23,127.0,,,,,2025-02-23
unlinked_sfc_9f608612,False,1,Toronto,Male,35-44,2024-10-13,0.0,0.0,0,0,0.0,0,0,0,0,0.0,1,Closed Lost,2023-07-22,709.0,,,,,2023-07-22
unlinked_sfc_a3560f3b,False,1,Vancouver,Female,35-44,2024-11-13,0.0,0.0,0,0,0.0,0,0,0,0,0.0,2,Closed Won,2024-09-21,282.0,,,,,2024-09-21
unlinked_sfc_a3794a00,False,0,Calgary,Female,45-54,2024-07-21,0.0,0.0,0,0,0.0,0,0,0,0,0.0,0,,,,,,,,
unlinked_sfc_a8f22e18,False,1,Vancouver,Female,55+,2023-12-12,0.0,0.0,0,0,0.0,0,0,0,0,0.0,5,Proposal,2025-05-14,47.0,,,,,2025-05-14
unlinked_sfc_b9cb08f8,False,1,Calgary,Other,18-24,2022-08-26,0.0,0.0,0,0,0.0,0,0,0,0,0.0,4,Proposal,2025-04-15,76.0,,,,,2025-04-15
unlinked_sfc_ba60d7fe,False,1,,,,,0.0,0.0,0,0,0.0,0,0,0,0,0.0,6,Prospecting,2025-05-08,53.0,,,,,2025-05-08
unlinked_sfc_bd8a305e,False,1,Montreal,Other,55+,2023-09-28,0.0,0.0,0,0,0.0,0,0,0,0,0.0,2,Qualified,2024-04-15,441.0,,,,,2024-04-15
unlinked_sfc_cd4aaefb,False,1,,,,,0.0,0.0,0,0,0.0,0,0,0,0,0.0,2,Closed Lost,2023-11-04,604.0,,,,,2023-11-04
unlinked_sfc_cf359d24,False,1,,,,,0.0,0.0,0,0,0.0,0,0,0,0,0.0,2,Prospecting,2024-06-19,376.0,,,,,2024-06-19
unlinked_sfc_d816e9ce,False,1,,,,,0.0,0.0,0,0,0.0,0,0,0,0,0.0,2,Qualified,2024-09-23,280.0,,,,,2024-09-23
unlinked_sfc_e7775040,False,1,,,,,0.0,0.0,0,0,0.0,0,0,0,0,0.0,2,Closed Lost,2025-06-27,3.0,,,,,2025-06-27
unlinked_sfc_f400cd13,False,1,Toronto,Male,55+,2024-03-11,0.0,0.0,0,0,0.0,0,0,0,0,0.0,2,Closed Lost,2024-02-20,496.0,,,,,2024-02-20
unlinked_sfc_f78a3ca2,False,1,,,,,0.0,0.0,0,0,0.0,0,0,0,0,0.0,1,Proposal,2023-10-10,629.0,,,,,2023-10-10
unlinked_sfc_f990f0b3,False,1,Calgary,Female,55+,2023-05-04,0.0,0.0,0,0,0.0,0,0,0,0,0.0,1,Qualified,2022-05-23,1134.0,,,,,2022-05-23
unlinked_sfc_fa33603c,False,1,,,,,0.0,0.0,0,0,0.0,0,0,0,0,0.0,3,Proposal,2024-05-05,421.0,,,,,2024-05-05
unlinked_tmc_00d9e230,False,1,,,,,264.88,132.44,2,0,0.0,0,0,0,0,0.0,0,,2024-11-25,217.0,2024-11-25,,,,
unlinked_tmc_01835e69,False,2,,,,,42.68,42.68,1,2,0.0,0,0,0,0,0.0,0,,2024-11-30,212.0,2024-11-30,2023-07-09,,,
unlinked_tmc_0309c8c6,False,2,,,,,1512.62,189.08,8,3,0.0,0,0,0,0,0.0,0,,2025-02-12,138.0,2025-02-12,2024-12-06,,,
unlinked_tmc_053ec30f,False,2,,,,,359.09,179.54,2,4,0.0,0,0,0,0,0.0,0,,2024-07-02,363.0,2024-04-21,2024-07-02,,,
unlinked_tmc_054d47d5,False,2,Toronto,Other,55+,2023-06-21,1543.22,220.46,7,4,0.0,0,0,0,0,0.0,0,,2025-05-11,50.0,2025-05-11,2024-06-10,,,
unlinked_tmc_06d1987b,False,1,,,,,0.0,0.0,0,1,0.0,0,0,0,0,0.0,0,,2025-01-08,173.0,,2025-01-08,,,
unlinked_tmc_0806ff96,False,2,,,,,186.73,93.36,2,1,0.0,0,0,0,0,0.0,0,,2024-07-20,345.0,2024-04-04,2024-07-20,,,
unlinked_tmc_095687cf,False,2,Vancouver,Female,35-44,2022-05-19,256.4,128.2,2,1,0.0,0,0,0,0,0.0,0,,2024-05-18,408.0,2023-10-26,2024-05-18,,,
unlinked_tmc_0b8677fd,False,1,,,,,0.0,0.0,0,4,0.0,0,0,0,0,0.0,0,,2025-03-25,97.0,,2025-03-25,,,
unlinked_tmc_0d59c3c7,False,2,,,,,751.87,187.97,4,2,0.0,0,0,0,0,0.0,0,,2024-11-05,237.0,2024-11-05,2024-04-07,,,
unlinked_tmc_10d0d723,False,2,,,,,254.08,127.04,2,4,0.0,0,0,0,0,0.0,0,,2024-08-25,309.0,2023-02-23,2024-08-25,,,
unlinked_tmc_114920a6,False,2,,,,,590.11,147.53,4,2,0.0,0,0,0,0,0.0,0,,2025-04-12,79.0,2025-04-12,2025-02-02,,,
unlinked_tmc_11a83e2f,False,1,,,,,0.0,0.0,0,4,0.0,0,0,0,0,0.0,0,,2025-06-02,28.0,,2025-06-02,,,
unlinked_tmc_137411dd,False,2,,,,,546.8,136.7,4,3,0.0,0,0,0,0,0.0,0,,2025-06-25,5.0,2025-04-01,2025-06-25,,,
unlinked_tmc_147b82c7,False,2,,,,,240.83,120.42,2,4,0.0,0,0,0,0,0.0,0,,2025-05-26,35.0,2025-05-26,2023-08-06,,,
unlinked_tmc_15a359d2,False,1,,,,,0.0,0.0,0,2,0.0,0,0,0,0,0.0,0,,2023-06-05,756.0,,2023-06-05,,,
unlinked_tmc_1a0b237e,False,2,,,,,286.31,286.31,1,8,0.0,0,0,0,0,0.0,0,,2025-06-03,27.0,2022-05-21,2025-06-03,,,
unlinked_tmc_1d439c66,False,2,,,,,465.43,155.14,3,3,0.0,0,0,0,0,0.0,0,,2024-09-29,274.0,2023-10-09,2024-09-29,,,
unlinked_tmc_26518f6a,False,2,,,,,203.59,203.59,1,3,0.0,0,0,0,0,0.0,0,,2025-02-07,143.0,2023-08-08,2025-02-07,,,
unlinked_tmc_2828f958,False,2,Montreal,Male,18-24,2024-05-17,1255.05,209.18,6,3,0.0,0,0,0,0,0.0,0,,2025-01-16,165.0,2024-06-25,2025-01-16,,,
unlinked_tmc_3151d04e,False,2,,,,,372.53,186.26,2,5,0.0,0,0,0,0,0.0,0,,2025-01-09,172.0,2025-01-09,2024-08-21,,,
unlinked_tmc_3230d79e,False,2,,,,,517.8,129.45,4,8,0.0,0,0,0,0,0.0,0,,2025-03-01,121.0,2024-12-26,2025-03-01,,,
unlinked_tmc_32802f38,False,1,Montreal,Other,35-44,2025-06-15,433.09,144.36,3,0,0.0,0,0,0,0,0.0,0,,2025-06-14,16.0,2025-06-14,,,,
unlinked_tmc_33cbdb05,False,2,,,,,173.17,173.17,1,2,0.0,0,0,0,0,0.0,0,,2025-06-25,5.0,2025-06-25,2024-09-26,,,
unlinked_tmc_34457841,False,2,Toronto,Female,55+,2024-11-09,80.08,80.08,1,4,0.0,0,0,0,0,0.0,0,,2025-03-11,111.0,2022-03-21,2025-03-11,,,
unlinked_tmc_3b7c999a,False,2,Toronto,Male,55+,2022-09-28,521.98,173.99,3,2,0.0,0,0,0,0,0.0,0,,2024-05-20,406.0,2024-05-20,2023-08-22,,,
unlinked_tmc_3c681955,False,2,,,,,598.02,149.5,4,6,0.0,0,0,0,0,0.0,0,,2025-02-12,138.0,2023-12-09,2025-02-12,,,
unlinked_tmc_406f2419,False,2,,,,,405.13,202.56,2,2,0.0,0,0,0,0,0.0,0,,2024-12-22,190.0,2024-12-22,2023-10-27,,,
unlinked_tmc_43430daa,False,2,,,,,61.28,61.28,1,4,0.0,0,0,0,0,0.0,0,,2024-11-19,223.0,2023-05-26,2024-11-19,,,
unlinked_tmc_4676ae91,False,2,,,,,645.92,215.31,3,5,0.0,0,0,0,0,0.0,0,,2025-06-02,28.0,2025-05-05,2025-06-02,,,
unlinked_tmc_470f5f1f,False,2,Montreal,Female,45-54,2024-10-23,318.95,159.48,2,3,0.0,0,0,0,0,0.0,0,,2024-11-04,238.0,2024-11-04,2023-07-17,,,
unlinked_tmc_4936b15b,False,2,Montreal,Male,35-44,2025-01-06,746.17,186.54,4,2,0.0,0,0,0,0,0.0,0,,2024-01-12,535.0,2024-01-12,2023-08-20,,,
unlinked_tmc_49663678,False,2,,,,,439.5,146.5,3,1,0.0,0,0,0,0,0.0,0,,2025-05-20,41.0,2025-04-10,2025-05-20,,,
unlinked_tmc_4d09c91f,False,2,Montreal,Female,45-54,2022-05-04,360.49,180.24,2,2,0.0,0,0,0,0,0.0,0,,2025-04-20,71.0,2024-10-22,2025-04-20,,,
unlinked_tmc_4dd93612,False,2,Montreal,Other,45-54,2025-05-01,152.03,152.03,1,3,0.0,0,0,0,0,0.0,0,,2025-02-23,127.0,2025-02-23,2025-02-04,,,
unlinked_tmc_4f450fe9,False,2,,,,,763.7,254.57,3,1,0.0,0,0,0,0,0.0,0,,2025-03-12,110.0,2025-03-12,2024-10-25,,,
unlinked_tmc_4f552642,False,2,,,,,1025.13,205.03,5,3,0.0,0,0,0,0,0.0,0,,2024-11-26,216.0,2024-11-26,2024-11-08,,,
unlinked_tmc_537cc169,False,2,Toronto,Other,18-24,2022-05-26,1001.04,200.21,5,3,0.0,0,0,0,0,0.0,0,,2024-12-29,183.0,2024-04-04,2024-12-29,,,
unlinked_tmc_56cc5bae,False,2,Calgary,Other,25-34,2024-08-22,769.78,153.96,5,3,0.0,0,0,0,0,0.0,0,,2024-04-12,444.0,2024-02-21,2024-04-12,,,
unlinked_tmc_58f4a18e,False,2,Vancouver,Male,35-44,2024-03-13,744.7,186.18,4,1,0.0,0,0,0,0,0.0,0,,2025-03-24,98.0,2025-03-24,2024-09-21,,,
unlinked_tmc_5d256a10,False,2,Toronto,Female,45-54,2024-12-17,679.46,169.86,4,3,0.0,0,0,0,0,0.0,0,,2024-10-17,256.0,2024-01-11,2024-10-17,,,
unlinked_tmc_5ef58671,False,2,,,,,429.36,214.68,2,4,0.0,0,0,0,0,0.0,0,,2025-05-05,56.0,2023-03-12,2025-05-05,,,
unlinked_tmc_6691c018,False,2,,,,,220.33,220.33,1,1,0.0,0,0,0,0,0.0,0,,2024-10-09,264.0,2022-08-08,2024-10-09,,,
unlinked_tmc_6806595a,False,1,,,,,0.0,0.0,0,3,0.0,0,0,0,0,0.0,0,,2025-05-07,54.0,,2025-05-07,,,
unlinked_tmc_6996a697,False,2,,,,,574.77,191.59,3,3,0.0,0,0,0,0,0.0,0,,2025-01-04,177.0,2025-01-04,2024-06-15,,,
unlinked_tmc_6ad24e8c,False,2,,,,,455.04,227.52,2,2,0.0,0,0,0,0,0.0,0,,2024-12-29,183.0,2023-09-06,2024-12-29,,,
unlinked_tmc_6d406044,False,2,Vancouver,Male,35-44,2022-06-18,614.89,153.72,4,7,0.0,0,0,0,0,0.0,0,,2025-04-27,64.0,2024-03-21,2025-04-27,,,
unlinked_tmc_6dc25d29,False,2,Toronto,Other,35-44,2023-07-23,431.36,215.68,2,3,0.0,0,0,0,0,0.0,0,,2024-10-02,271.0,2024-01-29,2024-10-02,,,
unlinked_tmc_6ed45263,False,2,,,,,553.07,184.36,3,5,0.0,0,0,0,0,0.0,0,,2025-05-27,34.0,2025-05-27,2025-05-25,,,
unlinked_tmc_6f6a6ac7,False,2,,,,,567.07,283.53,2,4,0.0,0,0,0,0,0.0,0,,2025-05-09,52.0,2023-06-19,2025-05-09,,,
unlinked_tmc_71fbb5b7,False,2,,,,,1056.8,176.13,6,1,0.0,0,0,0,0,0.0,0,,2025-06-22,8.0,2025-06-22,2023-05-09,,,
unlinked_tmc_74831f6c,False,2,,,,,299.83,299.83,1,3,0.0,0,0,0,0,0.0,0,,2025-02-01,149.0,2022-11-02,2025-02-01,,,
unlinked_tmc_75107907,False,2,,,,,692.64,138.53,5,1,0.0,0,0,0,0,0.0,0,,2024-09-27,276.0,2024-09-27,2022-03-01,,,
unlinked_tmc_7f59cebb,False,2,Calgary,Other,18-24,2022-04-22,700.37,175.09,4,4,0.0,0,0,0,0,0.0,0,,2025-03-24,98.0,2024-11-06,2025-03-24,,,
unlinked_tmc_7fecbf10,False,2,Montreal,Female,25-34,2025-01-23,480.27,240.14,2,4,0.0,0,0,0,0,0.0,0,,2024-08-19,315.0,2024-04-13,2024-08-19,,,
unlinked_tmc_81c7fff4,False,2,,,,,290.34,145.17,2,4,0.0,0,0,0,0,0.0,0,,2025-03-07,115.0,2025-03-07,2024-09-25,,,
unlinked_tmc_841617f9,False,2,,,,,169.34,169.34,1,5,0.0,0,0,0,0,0.0,0,,2025-02-02,148.0,2023-08-05,2025-02-02,,,
unlinked_tmc_8627079c,False,2,Calgary,Other,18-24,2022-01-25,176.39,88.2,2,5,0.0,0,0,0,0,0.0,0,,2024-08-09,325.0,2024-02-05,2024-08-09,,,
unlinked_tmc_87a4e204,False,2,Montreal,Male,25-34,2024-05-11,853.6,170.72,5,4,0.0,0,0,0,0,0.0,0,,2025-05-28,33.0,2025-03-28,2025-05-28,,,
unlinked_tmc_8c28c05e,False,2,Toronto,Other,45-54,2024-04-03,230.71,230.71,1,2,0.0,0,0,0,0,0.0,0,,2025-03-05,117.0,2024-02-28,2025-03-05,,,
unlinked_tmc_94a99791,False,2,,,,,227.38,227.38,1,5,0.0,0,0,0,0,0.0,0,,2025-02-05,145.0,2025-02-05,2025-01-16,,,
unlinked_tmc_9511faf8,False,2,Toronto,Male,55+,2023-03-18,899.94,179.99,5,2,0.0,0,0,0,0,0.0,0,,2025-05-01,60.0,2022-08-18,2025-05-01,,,
unlinked_tmc_9608b614,False,2,,,,,259.7,259.7,1,4,0.0,0,0,0,0,0.0,0,,2024-08-27,307.0,2023-07-07,2024-08-27,,,
unlinked_tmc_99288ca1,False,1,,,,,0.0,0.0,0,2,0.0,0,0,0,0,0.0,0,,2025-05-03,58.0,,2025-05-03,,,
unlinked_tmc_9a8beb1e,False,1,,,,,328.68,164.34,2,0,0.0,0,0,0,0,0.0,0,,2025-02-09,141.0,2025-02-09,,,,
unlinked_tmc_a016ef44,False,2,,,,,247.07,247.07,1,5,0.0,0,0,0,0,0.0,0,,2025-05-31,30.0,2022-12-29,2025-05-31,,,
unlinked_tmc_a198ad25,False,2,,,,,637.68,212.56,3,5,0.0,0,0,0,0,0.0,0,,2025-04-02,89.0,2024-02-04,2025-04-02,,,
unlinked_tmc_a32ec198,False,2,Vancouver,Female,45-54,2024-10-10,290.95,145.48,2,2,0.0,0,0,0,0,0.0,0,,2023-07-01,730.0,2023-05-15,2023-07-01,,,
unlinked_tmc_aa2fb1f2,False,1,,,,,0.0,0.0,0,1,0.0,0,0,0,0,0.0,0,,2023-04-24,798.0,,2023-04-24,,,
unlinked_tmc_aab1994c,False,2,,,,,313.9,156.95,2,2,0.0,0,0,0,0,0.0,0,,2024-12-13,199.0,2023-10-01,2024-12-13,,,
unlinked_tmc_ac10114b,False,2,,,,,535.98,178.66,3,3,0.0,0,0,0,0,0.0,0,,2024-06-09,386.0,2024-06-09,2023-11-29,,,
unlinked_tmc_ae415213,False,2,,,,,245.94,245.94,1,3,0.0,0,0,0,0,0.0,0,,2024-12-23,189.0,2024-08-26,2024-12-23,,,
unlinked_tmc_ae85800e,False,2,,,,,519.35,129.84,4,5,0.0,0,0,0,0,0.0,0,,2025-04-10,81.0,2025-04-10,2023-11-23,,,
unlinked_tmc_af07232d,False,2,,,,,319.48,159.74,2,2,0.0,0,0,0,0,0.0,0,,2025-03-01,121.0,2024-08-04,2025-03-01,,,
unlinked_tmc_b5709441,False,2,Montreal,Female,35-44,2023-09-27,812.16,162.43,5,2,0.0,0,0,0,0,0.0,0,,2024-12-23,189.0,2024-12-23,2024-06-21,,,
unlinked_tmc_b6f110c9,False,2,Montreal,Male,55+,2022-08-19,315.0,157.5,2,1,0.0,0,0,0,0,0.0,0,,2024-08-14,320.0,2024-08-14,2023-10-09,,,
unlinked_tmc_b843a3ba,False,2,Toronto,Female,35-44,2022-03-23,154.72,154.72,1,1,0.0,0,0,0,0,0.0,0,,2024-08-17,317.0,2022-11-23,2024-08-17,,,
unlinked_tmc_ba7322c8,False,2,,,,,945.92,236.48,4,3,0.0,0,0,0,0,0.0,0,,2025-05-06,55.0,2025-05-06,2025-04-06,,,
unlinked_tmc_bb142433,False,2,,,,,316.98,105.66,3,1,0.0,0,0,0,0,0.0,0,,2023-07-01,730.0,2023-07-01,2022-09-17,,,
unlinked_tmc_bd391309,False,2,,,,,426.95,106.74,4,4,0.0,0,0,0,0,0.0,0,,2025-02-26,124.0,2024-04-01,2025-02-26,,,
unlinked_tmc_bd7e148f,False,2,,,,,198.69,198.69,1,4,0.0,0,0,0,0,0.0,0,,2025-01-24,157.0,2024-09-23,2025-01-24,,,
unlinked_tmc_c11384fc,False,1,,,,,0.0,0.0,0,4,0.0,0,0,0,0,0.0,0,,2023-08-03,697.0,,2023-08-03,,,
unlinked_tmc_c82f024d,False,2,,,,,250.12,125.06,2,2,0.0,0,0,0,0,0.0,0,,2024-07-21,344.0,2024-07-21,2024-06-25,,,
unlinked_tmc_cb93a94f,False,1,,,,,0.0,0.0,0,2,0.0,0,0,0,0,0.0,0,,2025-01-10,171.0,,2025-01-10,,,
unlinked_tmc_d475544f,False,2,,,,,200.94,200.94,1,2,0.0,0,0,0,0,0.0,0,,2024-03-21,466.0,2024-03-21,2023-01-26,,,
unlinked_tmc_d4f0ca6e,False,2,,,,,142.13,71.06,2,3,0.0,0,0,0,0,0.0,0,,2025-06-30,0.0,2025-06-30,2025-03-13,,,
unlinked_tmc_da3119e6,False,2,,,,,376.9,188.45,2,2,0.0,0,0,0,0,0.0,0,,2024-08-20,314.0,2024-01-14,2024-08-20,,,
unlinked_tmc_db008533,False,2,,,,,497.72,124.43,4,3,0.0,0,0,0,0,0.0,0,,2024-06-06,389.0,2023-10-31,2024-06-06,,,
unlinked_tmc_df0bdb2a,False,2,Vancouver,Female,35-44,2024-01-10,526.06,263.03,2,5,0.0,0,0,0,0,0.0,0,,2025-06-20,10.0,2022-05-29,2025-06-20,,,
unlinked_tmc_e18d6e28,False,2,,,,,279.2,279.2,1,2,0.0,0,0,0,0,0.0,0,,2024-10-08,265.0,2023-05-23,2024-10-08,,,
unlinked_tmc_e21b899c,False,2,Calgary,Other,45-54,2024-03-03,85.23,85.23,1,3,0.0,0,0,0,0,0.0,0,,2025-01-29,152.0,2022-01-24,2025-01-29,,,
unlinked_tmc_e37a0c96,False,2,,,,,520.72,173.57,3,3,0.0,0,0,0,0,0.0,0,,2025-01-13,168.0,2024-08-31,2025-01-13,,,
unlinked_tmc_e8aa6bc7,False,2,Montreal,Male,18-24,2025-03-10,1138.32,227.66,5,3,0.0,0,0,0,0,0.0,0,,2025-06-20,10.0,2025-06-20,2024-04-30,,,
unlinked_tmc_e9ab7296,False,2,,,,,830.6,207.65,4,4,0.0,0,0,0,0,0.0,0,,2025-01-31,150.0,2024-07-20,2025-01-31,,,
unlinked_tmc_ef7f00e4,False,2,,,,,822.9,205.72,4,4,0.0,0,0,0,0,0.0,0,,2025-06-06,24.0,2025-06-06,2025-01-07,,,
unlinked_tmc_ef857aeb,False,2,,,,,214.46,214.46,1,5,0.0,0,0,0,0,0.0,0,,2025-03-31,91.0,2025-03-31,2024-08-10,,,
unlinked_tmc_f07862e4,False,2,,,,,514.48,171.49,3,5,0.0,0,0,0,0,0.0,0,,2024-06-23,372.0,2024-06-23,2024-01-10,,,
unlinked_tmc_f1678d10,False,2,,,,,528.58,176.19,3,5,0.0,0,0,0,0,0.0,0,,2025-04-09,82.0,2025-02-01,2025-04-09,,,
unlinked_tmc_f1dc458a,False,2,,,,,304.02,101.34,3,1,0.0,0,0,0,0,0.0,0,,2024-07-31,334.0,2024-07-31,2022-11-12,,,
unlinked_tmc_f322dcb4,False,2,,,,,247.24,123.62,2,3,0.0,0,0,0,0,0.0,0,,2025-04-27,64.0,2023-01-31,2025-04-27,,,
unlinked_tmc_f3bbc8e0,False,2,Montreal,Male,45-54,2024-11-03,228.69,228.69,1,2,0.0,0,0,0,0,0.0,0,,2023-05-13,779.0,2022-01-05,2023-05-13,,,
unlinked_tmc_f3f735d8,False,2,,,,,445.32,148.44,3,4,0.0,0,0,0,0,0.0,0,,2025-05-23,38.0,2025-05-23,2023-12-18,,,
unlinked_tmc_f6c449aa,False,2,,,,,864.46,172.89,5,6,0.0,0,0,0,0,0.0,0,,2024-12-19,193.0,2024-12-19,2024-05-28,,,
unlinked_tmc_f9186fc7,False,2,,,,,322.07,161.04,2,2,0.0,0,0,0,0,0.0,0,,2025-03-03,119.0,2025-03-03,2024-09-18,,,
unlinked_tmc_fac26955,False,2,,,,,170.69,56.9,3,2,0.0,0,0,0,0,0.0,0,,2025-06-01,29.0,2025-06-01,2025-03-21,,,
unlinked_tmc_fc0e8f93,False,2,,,,,433.94,144.65,3,4,0.0,0,0,0,0,0.0,0,,2024-09-03,300.0,2024-09-03,2023-03-25,,,
